GISJOIN,YEAR,STUSAB,REGIONA,DIVISIONA,STATE,STATEA,COUNTY,COUNTYA,COUSUBA,PLACEA,TRACTA,BLKGRPA,CONCITA,AIANHHA,RES_ONLYA,TRUSTA,AIHHTLI,AITSA,ANRCA,CBSAA,CSAA,METDIVA,UAA,CDCURRA,SLDUA,SLDLA,ZCTA5A,SUBMCDA,SDELMA,SDSECA,SDUNIA,PCI,PUMAA,GEO_ID,BTTRA,BTBGA,TL_GEO_ID,NAME_E,AURUE001,NAME_M,AURUM001
G0600750010101,2020-2024,CA,,,California,06,San Francisco County,075,,,010101,,,,,,,,,,,,,,,,,,,,,,,1400000US06075010101,,,06075010101,"Census Tract 101.01, San Francisco County, California",89022,"Census Tract 101.01, San Francisco County, California",40627
G0600750010102,2020-2024,CA,,,California,06,San Francisco County,075,,,010102,,,,,,,,,,,,,,,,,,,,,,,1400000US06075010102,,,06075010102,"Census Tract 101.02, San Francisco County, California",102826,"Census Tract 101.02, San Francisco County, California",55857
G0600750010201,2020-2024,CA,,,California,06,San Francisco County,075,,,010201,,,,,,,,,,,,,,,,,,,,,,,1400000US06075010201,,,06075010201,"Census Tract 102.01, San Francisco County, California",156017,"Census Tract 102.01, San Francisco County, California",4484
G0600750010202,2020-2024,CA,,,California,06,San Francisco County,075,,,010202,,,,,,,,,,,,,,,,,,,,,,,1400000US06075010202,,,06075010202,"Census Tract 102.02, San Francisco County, California",176958,"Census Tract 102.02, San Francisco County, California",57906
G0600750010300,2020-2024,CA,,,California,06,San Francisco County,075,,,010300,,,,,,,,,,,,,,,,,,,,,,,1400000US06075010300,,,06075010300,"Census Tract 103, San Francisco County, California",158144,"Census Tract 103, San Francisco County, California",24737
G0600750010401,2020-2024,CA,,,California,06,San Francisco County,075,,,010401,,,,,,,,,,,,,,,,,,,,,,,1400000US06075010401,,,06075010401,"Census Tract 104.01, San Francisco County, California",181705,"Census Tract 104.01, San Francisco County, California",83334
G0600750010402,2020-2024,CA,,,California,06,San Francisco County,075,,,010402,,,,,,,,,,,,,,,,,,,,,,,1400000US06075010402,,,06075010402,"Census Tract 104.02, San Francisco County, California",203354,"Census Tract 104.02, San Francisco County, California",81890
G0600750010500,2020-2024,CA,,,California,06,San Francisco County,075,,,010500,,,,,,,,,,,,,,,,,,,,,,,1400000US06075010500,,,06075010500,"Census Tract 105, San Francisco County, California",179896,"Census Tract 105, San Francisco County, California",35332
G0600750010600,2020-2024,CA,,,California,06,San Francisco County,075,,,010600,,,,,,,,,,,,,,,,,,,,,,,1400000US06075010600,,,06075010600,"Census Tract 106, San Francisco County, California",75938,"Census Tract 106, San Francisco County, California",46221
G0600750010701,2020-2024,CA,,,California,06,San Francisco County,075,,,010701,,,,,,,,,,,,,,,,,,,,,,,1400000US06075010701,,,06075010701,"Census Tract 107.01, San Francisco County, California",24854,"Census Tract 107.01, San Francisco County, California",9420
G0600750010702,2020-2024,CA,,,California,06,San Francisco County,075,,,010702,,,,,,,,,,,,,,,,,,,,,,,1400000US06075010702,,,06075010702,"Census Tract 107.02, San Francisco County, California",84904,"Census Tract 107.02, San Francisco County, California",27839
G0600750010800,2020-2024,CA,,,California,06,San Francisco County,075,,,010800,,,,,,,,,,,,,,,,,,,,,,,1400000US06075010800,,,06075010800,"Census Tract 108, San Francisco County, California",123750,"Census Tract 108, San Francisco County, California",67359
G0600750010901,2020-2024,CA,,,California,06,San Francisco County,075,,,010901,,,,,,,,,,,,,,,,,,,,,,,1400000US06075010901,,,06075010901,"Census Tract 109.01, San Francisco County, California",183468,"Census Tract 109.01, San Francisco County, California",32728
G0600750010902,2020-2024,CA,,,California,06,San Francisco County,075,,,010902,,,,,,,,,,,,,,,,,,,,,,,1400000US06075010902,,,06075010902,"Census Tract 109.02, San Francisco County, California",155234,"Census Tract 109.02, San Francisco County, California",49366
G0600750011001,2020-2024,CA,,,California,06,San Francisco County,075,,,011001,,,,,,,,,,,,,,,,,,,,,,,1400000US06075011001,,,06075011001,"Census Tract 110.01, San Francisco County, California",129423,"Census Tract 110.01, San Francisco County, California",30678
G0600750011002,2020-2024,CA,,,California,06,San Francisco County,075,,,011002,,,,,,,,,,,,,,,,,,,,,,,1400000US06075011002,,,06075011002,"Census Tract 110.02, San Francisco County, California",157980,"Census Tract 110.02, San Francisco County, California",27194
G0600750011101,2020-2024,CA,,,California,06,San Francisco County,075,,,011101,,,,,,,,,,,,,,,,,,,,,,,1400000US06075011101,,,06075011101,"Census Tract 111.01, San Francisco County, California",93056,"Census Tract 111.01, San Francisco County, California",36150
G0600750011102,2020-2024,CA,,,California,06,San Francisco County,075,,,011102,,,,,,,,,,,,,,,,,,,,,,,1400000US06075011102,,,06075011102,"Census Tract 111.02, San Francisco County, California",104966,"Census Tract 111.02, San Francisco County, California",27466
G0600750011200,2020-2024,CA,,,California,06,San Francisco County,075,,,011200,,,,,,,,,,,,,,,,,,,,,,,1400000US06075011200,,,06075011200,"Census Tract 112, San Francisco County, California",121855,"Census Tract 112, San Francisco County, California",57811
G0600750011300,2020-2024,CA,,,California,06,San Francisco County,075,,,011300,,,,,,,,,,,,,,,,,,,,,,,1400000US06075011300,,,06075011300,"Census Tract 113, San Francisco County, California",32623,"Census Tract 113, San Francisco County, California",8966
G0600750011700,2020-2024,CA,,,California,06,San Francisco County,075,,,011700,,,,,,,,,,,,,,,,,,,,,,,1400000US06075011700,,,06075011700,"Census Tract 117, San Francisco County, California",51464,"Census Tract 117, San Francisco County, California",19138
G0600750011800,2020-2024,CA,,,California,06,San Francisco County,075,,,011800,,,,,,,,,,,,,,,,,,,,,,,1400000US06075011800,,,06075011800,"Census Tract 118, San Francisco County, California",43487,"Census Tract 118, San Francisco County, California",21722
G0600750011901,2020-2024,CA,,,California,06,San Francisco County,075,,,011901,,,,,,,,,,,,,,,,,,,,,,,1400000US06075011901,,,06075011901,"Census Tract 119.01, San Francisco County, California",96518,"Census Tract 119.01, San Francisco County, California",15049
G0600750011902,2020-2024,CA,,,California,06,San Francisco County,075,,,011902,,,,,,,,,,,,,,,,,,,,,,,1400000US06075011902,,,06075011902,"Census Tract 119.02, San Francisco County, California",75625,"Census Tract 119.02, San Francisco County, California",7652
G0600750012001,2020-2024,CA,,,California,06,San Francisco County,075,,,012001,,,,,,,,,,,,,,,,,,,,,,,1400000US06075012001,,,06075012001,"Census Tract 120.01, San Francisco County, California",80300,"Census Tract 120.01, San Francisco County, California",15539
G0600750012002,2020-2024,CA,,,California,06,San Francisco County,075,,,012002,,,,,,,,,,,,,,,,,,,,,,,1400000US06075012002,,,06075012002,"Census Tract 120.02, San Francisco County, California",72549,"Census Tract 120.02, San Francisco County, California",22476
G0600750012100,2020-2024,CA,,,California,06,San Francisco County,075,,,012100,,,,,,,,,,,,,,,,,,,,,,,1400000US06075012100,,,06075012100,"Census Tract 121, San Francisco County, California",108000,"Census Tract 121, San Francisco County, California",36079
G0600750012202,2020-2024,CA,,,California,06,San Francisco County,075,,,012202,,,,,,,,,,,,,,,,,,,,,,,1400000US06075012202,,,06075012202,"Census Tract 122.02, San Francisco County, California",57897,"Census Tract 122.02, San Francisco County, California",20106
G0600750012203,2020-2024,CA,,,California,06,San Francisco County,075,,,012203,,,,,,,,,,,,,,,,,,,,,,,1400000US06075012203,,,06075012203,"Census Tract 122.03, San Francisco County, California",23440,"Census Tract 122.03, San Francisco County, California",4741
G0600750012204,2020-2024,CA,,,California,06,San Francisco County,075,,,012204,,,,,,,,,,,,,,,,,,,,,,,1400000US06075012204,,,06075012204,"Census Tract 122.04, San Francisco County, California",64707,"Census Tract 122.04, San Francisco County, California",22981
G0600750012301,2020-2024,CA,,,California,06,San Francisco County,075,,,012301,,,,,,,,,,,,,,,,,,,,,,,1400000US06075012301,,,06075012301,"Census Tract 123.01, San Francisco County, California",23385,"Census Tract 123.01, San Francisco County, California",5835
G0600750012302,2020-2024,CA,,,California,06,San Francisco County,075,,,012302,,,,,,,,,,,,,,,,,,,,,,,1400000US06075012302,,,06075012302,"Census Tract 123.02, San Francisco County, California",44954,"Census Tract 123.02, San Francisco County, California",13482
G0600750012403,2020-2024,CA,,,California,06,San Francisco County,075,,,012403,,,,,,,,,,,,,,,,,,,,,,,1400000US06075012403,,,06075012403,"Census Tract 124.03, San Francisco County, California",-666666666,"Census Tract 124.03, San Francisco County, California",-222222222
G0600750012404,2020-2024,CA,,,California,06,San Francisco County,075,,,012404,,,,,,,,,,,,,,,,,,,,,,,1400000US06075012404,,,06075012404,"Census Tract 124.04, San Francisco County, California",-666666666,"Census Tract 124.04, San Francisco County, California",-222222222
G0600750012405,2020-2024,CA,,,California,06,San Francisco County,075,,,012405,,,,,,,,,,,,,,,,,,,,,,,1400000US06075012405,,,06075012405,"Census Tract 124.05, San Francisco County, California",113665,"Census Tract 124.05, San Francisco County, California",36690
G0600750012406,2020-2024,CA,,,California,06,San Francisco County,075,,,012406,,,,,,,,,,,,,,,,,,,,,,,1400000US06075012406,,,06075012406,"Census Tract 124.06, San Francisco County, California",-666666666,"Census Tract 124.06, San Francisco County, California",-222222222
G0600750012502,2020-2024,CA,,,California,06,San Francisco County,075,,,012502,,,,,,,,,,,,,,,,,,,,,,,1400000US06075012502,,,06075012502,"Census Tract 125.02, San Francisco County, California",18217,"Census Tract 125.02, San Francisco County, California",5598
G0600750012503,2020-2024,CA,,,California,06,San Francisco County,075,,,012503,,,,,,,,,,,,,,,,,,,,,,,1400000US06075012503,,,06075012503,"Census Tract 125.03, San Francisco County, California",50696,"Census Tract 125.03, San Francisco County, California",9034
G0600750012504,2020-2024,CA,,,California,06,San Francisco County,075,,,012504,,,,,,,,,,,,,,,,,,,,,,,1400000US06075012504,,,06075012504,"Census Tract 125.04, San Francisco County, California",19333,"Census Tract 125.04, San Francisco County, California",10499
G0600750012601,2020-2024,CA,,,California,06,San Francisco County,075,,,012601,,,,,,,,,,,,,,,,,,,,,,,1400000US06075012601,,,06075012601,"Census Tract 126.01, San Francisco County, California",171058,"Census Tract 126.01, San Francisco County, California",36071
G0600750012602,2020-2024,CA,,,California,06,San Francisco County,075,,,012602,,,,,,,,,,,,,,,,,,,,,,,1400000US06075012602,,,06075012602,"Census Tract 126.02, San Francisco County, California",244000,"Census Tract 126.02, San Francisco County, California",66328
G0600750012700,2020-2024,CA,,,California,06,San Francisco County,075,,,012700,,,,,,,,,,,,,,,,,,,,,,,1400000US06075012700,,,06075012700,"Census Tract 127, San Francisco County, California",234886,"Census Tract 127, San Francisco County, California",58903
G0600750012801,2020-2024,CA,,,California,06,San Francisco County,075,,,012801,,,,,,,,,,,,,,,,,,,,,,,1400000US06075012801,,,06075012801,"Census Tract 128.01, San Francisco County, California",215568,"Census Tract 128.01, San Francisco County, California",79524
G0600750012802,2020-2024,CA,,,California,06,San Francisco County,075,,,012802,,,,,,,,,,,,,,,,,,,,,,,1400000US06075012802,,,06075012802,"Census Tract 128.02, San Francisco County, California",250001,"Census Tract 128.02, San Francisco County, California",-333333333
G0600750012901,2020-2024,CA,,,California,06,San Francisco County,075,,,012901,,,,,,,,,,,,,,,,,,,,,,,1400000US06075012901,,,06075012901,"Census Tract 129.01, San Francisco County, California",219125,"Census Tract 129.01, San Francisco County, California",48806
G0600750012902,2020-2024,CA,,,California,06,San Francisco County,075,,,012902,,,,,,,,,,,,,,,,,,,,,,,1400000US06075012902,,,06075012902,"Census Tract 129.02, San Francisco County, California",189444,"Census Tract 129.02, San Francisco County, California",37214
G0600750013001,2020-2024,CA,,,California,06,San Francisco County,075,,,013001,,,,,,,,,,,,,,,,,,,,,,,1400000US06075013001,,,06075013001,"Census Tract 130.01, San Francisco County, California",154659,"Census Tract 130.01, San Francisco County, California",63146
G0600750013002,2020-2024,CA,,,California,06,San Francisco County,075,,,013002,,,,,,,,,,,,,,,,,,,,,,,1400000US06075013002,,,06075013002,"Census Tract 130.02, San Francisco County, California",244215,"Census Tract 130.02, San Francisco County, California",45743
G0600750013101,2020-2024,CA,,,California,06,San Francisco County,075,,,013101,,,,,,,,,,,,,,,,,,,,,,,1400000US06075013101,,,06075013101,"Census Tract 131.01, San Francisco County, California",197014,"Census Tract 131.01, San Francisco County, California",64815
G0600750013102,2020-2024,CA,,,California,06,San Francisco County,075,,,013102,,,,,,,,,,,,,,,,,,,,,,,1400000US06075013102,,,06075013102,"Census Tract 131.02, San Francisco County, California",250001,"Census Tract 131.02, San Francisco County, California",-333333333
G0600750013200,2020-2024,CA,,,California,06,San Francisco County,075,,,013200,,,,,,,,,,,,,,,,,,,,,,,1400000US06075013200,,,06075013200,"Census Tract 132, San Francisco County, California",164375,"Census Tract 132, San Francisco County, California",81673
G0600750013300,2020-2024,CA,,,California,06,San Francisco County,075,,,013300,,,,,,,,,,,,,,,,,,,,,,,1400000US06075013300,,,06075013300,"Census Tract 133, San Francisco County, California",176250,"Census Tract 133, San Francisco County, California",42327
G0600750013401,2020-2024,CA,,,California,06,San Francisco County,075,,,013401,,,,,,,,,,,,,,,,,,,,,,,1400000US06075013401,,,06075013401,"Census Tract 134.01, San Francisco County, California",212593,"Census Tract 134.01, San Francisco County, California",45707
G0600750013402,2020-2024,CA,,,California,06,San Francisco County,075,,,013402,,,,,,,,,,,,,,,,,,,,,,,1400000US06075013402,,,06075013402,"Census Tract 134.02, San Francisco County, California",175201,"Census Tract 134.02, San Francisco County, California",27785
G0600750013500,2020-2024,CA,,,California,06,San Francisco County,075,,,013500,,,,,,,,,,,,,,,,,,,,,,,1400000US06075013500,,,06075013500,"Census Tract 135, San Francisco County, California",179194,"Census Tract 135, San Francisco County, California",27912
G0600750015100,2020-2024,CA,,,California,06,San Francisco County,075,,,015100,,,,,,,,,,,,,,,,,,,,,,,1400000US06075015100,,,06075015100,"Census Tract 151, San Francisco County, California",159921,"Census Tract 151, San Francisco County, California",23662
G0600750015201,2020-2024,CA,,,California,06,San Francisco County,075,,,015201,,,,,,,,,,,,,,,,,,,,,,,1400000US06075015201,,,06075015201,"Census Tract 152.01, San Francisco County, California",91420,"Census Tract 152.01, San Francisco County, California",13308
G0600750015202,2020-2024,CA,,,California,06,San Francisco County,075,,,015202,,,,,,,,,,,,,,,,,,,,,,,1400000US06075015202,,,06075015202,"Census Tract 152.02, San Francisco County, California",156713,"Census Tract 152.02, San Francisco County, California",66133
G0600750015300,2020-2024,CA,,,California,06,San Francisco County,075,,,015300,,,,,,,,,,,,,,,,,,,,,,,1400000US06075015300,,,06075015300,"Census Tract 153, San Francisco County, California",214688,"Census Tract 153, San Francisco County, California",25891
G0600750015401,2020-2024,CA,,,California,06,San Francisco County,075,,,015401,,,,,,,,,,,,,,,,,,,,,,,1400000US06075015401,,,06075015401,"Census Tract 154.01, San Francisco County, California",165833,"Census Tract 154.01, San Francisco County, California",47823
G0600750015402,2020-2024,CA,,,California,06,San Francisco County,075,,,015402,,,,,,,,,,,,,,,,,,,,,,,1400000US06075015402,,,06075015402,"Census Tract 154.02, San Francisco County, California",171960,"Census Tract 154.02, San Francisco County, California",95083
G0600750015500,2020-2024,CA,,,California,06,San Francisco County,075,,,015500,,,,,,,,,,,,,,,,,,,,,,,1400000US06075015500,,,06075015500,"Census Tract 155, San Francisco County, California",95841,"Census Tract 155, San Francisco County, California",26722
G0600750015600,2020-2024,CA,,,California,06,San Francisco County,075,,,015600,,,,,,,,,,,,,,,,,,,,,,,1400000US06075015600,,,06075015600,"Census Tract 156, San Francisco County, California",92963,"Census Tract 156, San Francisco County, California",23516
G0600750015701,2020-2024,CA,,,California,06,San Francisco County,075,,,015701,,,,,,,,,,,,,,,,,,,,,,,1400000US06075015701,,,06075015701,"Census Tract 157.01, San Francisco County, California",182353,"Census Tract 157.01, San Francisco County, California",66495
G0600750015702,2020-2024,CA,,,California,06,San Francisco County,075,,,015702,,,,,,,,,,,,,,,,,,,,,,,1400000US06075015702,,,06075015702,"Census Tract 157.02, San Francisco County, California",216071,"Census Tract 157.02, San Francisco County, California",60134
G0600750015801,2020-2024,CA,,,California,06,San Francisco County,075,,,015801,,,,,,,,,,,,,,,,,,,,,,,1400000US06075015801,,,06075015801,"Census Tract 158.01, San Francisco County, California",121563,"Census Tract 158.01, San Francisco County, California",32559
G0600750015802,2020-2024,CA,,,California,06,San Francisco County,075,,,015802,,,,,,,,,,,,,,,,,,,,,,,1400000US06075015802,,,06075015802,"Census Tract 158.02, San Francisco County, California",152917,"Census Tract 158.02, San Francisco County, California",36946
G0600750015900,2020-2024,CA,,,California,06,San Francisco County,075,,,015900,,,,,,,,,,,,,,,,,,,,,,,1400000US06075015900,,,06075015900,"Census Tract 159, San Francisco County, California",83866,"Census Tract 159, San Francisco County, California",11631
G0600750016000,2020-2024,CA,,,California,06,San Francisco County,075,,,016000,,,,,,,,,,,,,,,,,,,,,,,1400000US06075016000,,,06075016000,"Census Tract 160, San Francisco County, California",131771,"Census Tract 160, San Francisco County, California",49682
G0600750016101,2020-2024,CA,,,California,06,San Francisco County,075,,,016101,,,,,,,,,,,,,,,,,,,,,,,1400000US06075016101,,,06075016101,"Census Tract 161.01, San Francisco County, California",31690,"Census Tract 161.01, San Francisco County, California",22394
G0600750016102,2020-2024,CA,,,California,06,San Francisco County,075,,,016102,,,,,,,,,,,,,,,,,,,,,,,1400000US06075016102,,,06075016102,"Census Tract 161.02, San Francisco County, California",34575,"Census Tract 161.02, San Francisco County, California",22167
G0600750016200,2020-2024,CA,,,California,06,San Francisco County,075,,,016200,,,,,,,,,,,,,,,,,,,,,,,1400000US06075016200,,,06075016200,"Census Tract 162, San Francisco County, California",102035,"Census Tract 162, San Francisco County, California",45255
G0600750016300,2020-2024,CA,,,California,06,San Francisco County,075,,,016300,,,,,,,,,,,,,,,,,,,,,,,1400000US06075016300,,,06075016300,"Census Tract 163, San Francisco County, California",135658,"Census Tract 163, San Francisco County, California",40135
G0600750016400,2020-2024,CA,,,California,06,San Francisco County,075,,,016400,,,,,,,,,,,,,,,,,,,,,,,1400000US06075016400,,,06075016400,"Census Tract 164, San Francisco County, California",161612,"Census Tract 164, San Francisco County, California",59713
G0600750016500,2020-2024,CA,,,California,06,San Francisco County,075,,,016500,,,,,,,,,,,,,,,,,,,,,,,1400000US06075016500,,,06075016500,"Census Tract 165, San Francisco County, California",153096,"Census Tract 165, San Francisco County, California",34731
G0600750016601,2020-2024,CA,,,California,06,San Francisco County,075,,,016601,,,,,,,,,,,,,,,,,,,,,,,1400000US06075016601,,,06075016601,"Census Tract 166.01, San Francisco County, California",134211,"Census Tract 166.01, San Francisco County, California",30604
G0600750016602,2020-2024,CA,,,California,06,San Francisco County,075,,,016602,,,,,,,,,,,,,,,,,,,,,,,1400000US06075016602,,,06075016602,"Census Tract 166.02, San Francisco County, California",223877,"Census Tract 166.02, San Francisco County, California",11098
G0600750016700,2020-2024,CA,,,California,06,San Francisco County,075,,,016700,,,,,,,,,,,,,,,,,,,,,,,1400000US06075016700,,,06075016700,"Census Tract 167, San Francisco County, California",239839,"Census Tract 167, San Francisco County, California",36267
G0600750016801,2020-2024,CA,,,California,06,San Francisco County,075,,,016801,,,,,,,,,,,,,,,,,,,,,,,1400000US06075016801,,,06075016801,"Census Tract 168.01, San Francisco County, California",123147,"Census Tract 168.01, San Francisco County, California",43294
G0600750016802,2020-2024,CA,,,California,06,San Francisco County,075,,,016802,,,,,,,,,,,,,,,,,,,,,,,1400000US06075016802,,,06075016802,"Census Tract 168.02, San Francisco County, California",135588,"Census Tract 168.02, San Francisco County, California",66373
G0600750016900,2020-2024,CA,,,California,06,San Francisco County,075,,,016900,,,,,,,,,,,,,,,,,,,,,,,1400000US06075016900,,,06075016900,"Census Tract 169, San Francisco County, California",201827,"Census Tract 169, San Francisco County, California",75601
G0600750017000,2020-2024,CA,,,California,06,San Francisco County,075,,,017000,,,,,,,,,,,,,,,,,,,,,,,1400000US06075017000,,,06075017000,"Census Tract 170, San Francisco County, California",229013,"Census Tract 170, San Francisco County, California",36415
G0600750017101,2020-2024,CA,,,California,06,San Francisco County,075,,,017101,,,,,,,,,,,,,,,,,,,,,,,1400000US06075017101,,,06075017101,"Census Tract 171.01, San Francisco County, California",201944,"Census Tract 171.01, San Francisco County, California",30165
G0600750017102,2020-2024,CA,,,California,06,San Francisco County,075,,,017102,,,,,,,,,,,,,,,,,,,,,,,1400000US06075017102,,,06075017102,"Census Tract 171.02, San Francisco County, California",173594,"Census Tract 171.02, San Francisco County, California",22006
G0600750017602,2020-2024,CA,,,California,06,San Francisco County,075,,,017602,,,,,,,,,,,,,,,,,,,,,,,1400000US06075017602,,,06075017602,"Census Tract 176.02, San Francisco County, California",-666666666,"Census Tract 176.02, San Francisco County, California",-222222222
G0600750017603,2020-2024,CA,,,California,06,San Francisco County,075,,,017603,,,,,,,,,,,,,,,,,,,,,,,1400000US06075017603,,,06075017603,"Census Tract 176.03, San Francisco County, California",124291,"Census Tract 176.03, San Francisco County, California",34349
G0600750017604,2020-2024,CA,,,California,06,San Francisco County,075,,,017604,,,,,,,,,,,,,,,,,,,,,,,1400000US06075017604,,,06075017604,"Census Tract 176.04, San Francisco County, California",101761,"Census Tract 176.04, San Francisco County, California",18881
G0600750017700,2020-2024,CA,,,California,06,San Francisco County,075,,,017700,,,,,,,,,,,,,,,,,,,,,,,1400000US06075017700,,,06075017700,"Census Tract 177, San Francisco County, California",124679,"Census Tract 177, San Francisco County, California",74100
G0600750017801,2020-2024,CA,,,California,06,San Francisco County,075,,,017801,,,,,,,,,,,,,,,,,,,,,,,1400000US06075017801,,,06075017801,"Census Tract 178.01, San Francisco County, California",28408,"Census Tract 178.01, San Francisco County, California",7277
G0600750017803,2020-2024,CA,,,California,06,San Francisco County,075,,,017803,,,,,,,,,,,,,,,,,,,,,,,1400000US06075017803,,,06075017803,"Census Tract 178.03, San Francisco County, California",85909,"Census Tract 178.03, San Francisco County, California",68359
G0600750017804,2020-2024,CA,,,California,06,San Francisco County,075,,,017804,,,,,,,,,,,,,,,,,,,,,,,1400000US06075017804,,,06075017804,"Census Tract 178.04, San Francisco County, California",134264,"Census Tract 178.04, San Francisco County, California",15623
G0600750017903,2020-2024,CA,,,California,06,San Francisco County,075,,,017903,,,,,,,,,,,,,,,,,,,,,,,1400000US06075017903,,,06075017903,"Census Tract 179.03, San Francisco County, California",93269,"Census Tract 179.03, San Francisco County, California",26466
G0600750018000,2020-2024,CA,,,California,06,San Francisco County,075,,,018000,,,,,,,,,,,,,,,,,,,,,,,1400000US06075018000,,,06075018000,"Census Tract 180, San Francisco County, California",212439,"Census Tract 180, San Francisco County, California",55153
G0600750020101,2020-2024,CA,,,California,06,San Francisco County,075,,,020101,,,,,,,,,,,,,,,,,,,,,,,1400000US06075020101,,,06075020101,"Census Tract 201.01, San Francisco County, California",135759,"Census Tract 201.01, San Francisco County, California",34324
G0600750020102,2020-2024,CA,,,California,06,San Francisco County,075,,,020102,,,,,,,,,,,,,,,,,,,,,,,1400000US06075020102,,,06075020102,"Census Tract 201.02, San Francisco County, California",100761,"Census Tract 201.02, San Francisco County, California",64064
G0600750020201,2020-2024,CA,,,California,06,San Francisco County,075,,,020201,,,,,,,,,,,,,,,,,,,,,,,1400000US06075020201,,,06075020201,"Census Tract 202.01, San Francisco County, California",94265,"Census Tract 202.01, San Francisco County, California",66756
G0600750020202,2020-2024,CA,,,California,06,San Francisco County,075,,,020202,,,,,,,,,,,,,,,,,,,,,,,1400000US06075020202,,,06075020202,"Census Tract 202.02, San Francisco County, California",166985,"Census Tract 202.02, San Francisco County, California",40083
G0600750020300,2020-2024,CA,,,California,06,San Francisco County,075,,,020300,,,,,,,,,,,,,,,,,,,,,,,1400000US06075020300,,,06075020300,"Census Tract 203, San Francisco County, California",182547,"Census Tract 203, San Francisco County, California",44542
G0600750020401,2020-2024,CA,,,California,06,San Francisco County,075,,,020401,,,,,,,,,,,,,,,,,,,,,,,1400000US06075020401,,,06075020401,"Census Tract 204.01, San Francisco County, California",196667,"Census Tract 204.01, San Francisco County, California",43939
G0600750020402,2020-2024,CA,,,California,06,San Francisco County,075,,,020402,,,,,,,,,,,,,,,,,,,,,,,1400000US06075020402,,,06075020402,"Census Tract 204.02, San Francisco County, California",152097,"Census Tract 204.02, San Francisco County, California",30439
G0600750020500,2020-2024,CA,,,California,06,San Francisco County,075,,,020500,,,,,,,,,,,,,,,,,,,,,,,1400000US06075020500,,,06075020500,"Census Tract 205, San Francisco County, California",250001,"Census Tract 205, San Francisco County, California",-333333333
G0600750020601,2020-2024,CA,,,California,06,San Francisco County,075,,,020601,,,,,,,,,,,,,,,,,,,,,,,1400000US06075020601,,,06075020601,"Census Tract 206.01, San Francisco County, California",235568,"Census Tract 206.01, San Francisco County, California",36024
G0600750020602,2020-2024,CA,,,California,06,San Francisco County,075,,,020602,,,,,,,,,,,,,,,,,,,,,,,1400000US06075020602,,,06075020602,"Census Tract 206.02, San Francisco County, California",207958,"Census Tract 206.02, San Francisco County, California",88319
G0600750020701,2020-2024,CA,,,California,06,San Francisco County,075,,,020701,,,,,,,,,,,,,,,,,,,,,,,1400000US06075020701,,,06075020701,"Census Tract 207.01, San Francisco County, California",223707,"Census Tract 207.01, San Francisco County, California",44389
G0600750020702,2020-2024,CA,,,California,06,San Francisco County,075,,,020702,,,,,,,,,,,,,,,,,,,,,,,1400000US06075020702,,,06075020702,"Census Tract 207.02, San Francisco County, California",160179,"Census Tract 207.02, San Francisco County, California",19527
G0600750020801,2020-2024,CA,,,California,06,San Francisco County,075,,,020801,,,,,,,,,,,,,,,,,,,,,,,1400000US06075020801,,,06075020801,"Census Tract 208.01, San Francisco County, California",133953,"Census Tract 208.01, San Francisco County, California",38034
G0600750020802,2020-2024,CA,,,California,06,San Francisco County,075,,,020802,,,,,,,,,,,,,,,,,,,,,,,1400000US06075020802,,,06075020802,"Census Tract 208.02, San Francisco County, California",119667,"Census Tract 208.02, San Francisco County, California",77494
G0600750020900,2020-2024,CA,,,California,06,San Francisco County,075,,,020900,,,,,,,,,,,,,,,,,,,,,,,1400000US06075020900,,,06075020900,"Census Tract 209, San Francisco County, California",96250,"Census Tract 209, San Francisco County, California",12171
G0600750021000,2020-2024,CA,,,California,06,San Francisco County,075,,,021000,,,,,,,,,,,,,,,,,,,,,,,1400000US06075021000,,,06075021000,"Census Tract 210, San Francisco County, California",178558,"Census Tract 210, San Francisco County, California",73379
G0600750021100,2020-2024,CA,,,California,06,San Francisco County,075,,,021100,,,,,,,,,,,,,,,,,,,,,,,1400000US06075021100,,,06075021100,"Census Tract 211, San Francisco County, California",250001,"Census Tract 211, San Francisco County, California",-333333333
G0600750021200,2020-2024,CA,,,California,06,San Francisco County,075,,,021200,,,,,,,,,,,,,,,,,,,,,,,1400000US06075021200,,,06075021200,"Census Tract 212, San Francisco County, California",201786,"Census Tract 212, San Francisco County, California",26857
G0600750021300,2020-2024,CA,,,California,06,San Francisco County,075,,,021300,,,,,,,,,,,,,,,,,,,,,,,1400000US06075021300,,,06075021300,"Census Tract 213, San Francisco County, California",208641,"Census Tract 213, San Francisco County, California",47805
G0600750021400,2020-2024,CA,,,California,06,San Francisco County,075,,,021400,,,,,,,,,,,,,,,,,,,,,,,1400000US06075021400,,,06075021400,"Census Tract 214, San Francisco County, California",213462,"Census Tract 214, San Francisco County, California",43123
G0600750021500,2020-2024,CA,,,California,06,San Francisco County,075,,,021500,,,,,,,,,,,,,,,,,,,,,,,1400000US06075021500,,,06075021500,"Census Tract 215, San Francisco County, California",178488,"Census Tract 215, San Francisco County, California",29760
G0600750021600,2020-2024,CA,,,California,06,San Francisco County,075,,,021600,,,,,,,,,,,,,,,,,,,,,,,1400000US06075021600,,,06075021600,"Census Tract 216, San Francisco County, California",237083,"Census Tract 216, San Francisco County, California",35980
G0600750021700,2020-2024,CA,,,California,06,San Francisco County,075,,,021700,,,,,,,,,,,,,,,,,,,,,,,1400000US06075021700,,,06075021700,"Census Tract 217, San Francisco County, California",133300,"Census Tract 217, San Francisco County, California",40064
G0600750021800,2020-2024,CA,,,California,06,San Francisco County,075,,,021800,,,,,,,,,,,,,,,,,,,,,,,1400000US06075021800,,,06075021800,"Census Tract 218, San Francisco County, California",250001,"Census Tract 218, San Francisco County, California",-333333333
G0600750022600,2020-2024,CA,,,California,06,San Francisco County,075,,,022600,,,,,,,,,,,,,,,,,,,,,,,1400000US06075022600,,,06075022600,"Census Tract 226, San Francisco County, California",232036,"Census Tract 226, San Francisco County, California",39380
G0600750022702,2020-2024,CA,,,California,06,San Francisco County,075,,,022702,,,,,,,,,,,,,,,,,,,,,,,1400000US06075022702,,,06075022702,"Census Tract 227.02, San Francisco County, California",250001,"Census Tract 227.02, San Francisco County, California",-333333333
G0600750022704,2020-2024,CA,,,California,06,San Francisco County,075,,,022704,,,,,,,,,,,,,,,,,,,,,,,1400000US06075022704,,,06075022704,"Census Tract 227.04, San Francisco County, California",250001,"Census Tract 227.04, San Francisco County, California",-333333333
G0600750022801,2020-2024,CA,,,California,06,San Francisco County,075,,,022801,,,,,,,,,,,,,,,,,,,,,,,1400000US06075022801,,,06075022801,"Census Tract 228.01, San Francisco County, California",160417,"Census Tract 228.01, San Francisco County, California",46492
G0600750022802,2020-2024,CA,,,California,06,San Francisco County,075,,,022802,,,,,,,,,,,,,,,,,,,,,,,1400000US06075022802,,,06075022802,"Census Tract 228.02, San Francisco County, California",107083,"Census Tract 228.02, San Francisco County, California",42545
G0600750022803,2020-2024,CA,,,California,06,San Francisco County,075,,,022803,,,,,,,,,,,,,,,,,,,,,,,1400000US06075022803,,,06075022803,"Census Tract 228.03, San Francisco County, California",164665,"Census Tract 228.03, San Francisco County, California",41143
G0600750022901,2020-2024,CA,,,California,06,San Francisco County,075,,,022901,,,,,,,,,,,,,,,,,,,,,,,1400000US06075022901,,,06075022901,"Census Tract 229.01, San Francisco County, California",101617,"Census Tract 229.01, San Francisco County, California",22137
G0600750022902,2020-2024,CA,,,California,06,San Francisco County,075,,,022902,,,,,,,,,,,,,,,,,,,,,,,1400000US06075022902,,,06075022902,"Census Tract 229.02, San Francisco County, California",205583,"Census Tract 229.02, San Francisco County, California",89893
G0600750022903,2020-2024,CA,,,California,06,San Francisco County,075,,,022903,,,,,,,,,,,,,,,,,,,,,,,1400000US06075022903,,,06075022903,"Census Tract 229.03, San Francisco County, California",189875,"Census Tract 229.03, San Francisco County, California",70187
G0600750023001,2020-2024,CA,,,California,06,San Francisco County,075,,,023001,,,,,,,,,,,,,,,,,,,,,,,1400000US06075023001,,,06075023001,"Census Tract 230.01, San Francisco County, California",129866,"Census Tract 230.01, San Francisco County, California",71725
G0600750023003,2020-2024,CA,,,California,06,San Francisco County,075,,,023003,,,,,,,,,,,,,,,,,,,,,,,1400000US06075023003,,,06075023003,"Census Tract 230.03, San Francisco County, California",102137,"Census Tract 230.03, San Francisco County, California",50792
G0600750023102,2020-2024,CA,,,California,06,San Francisco County,075,,,023102,,,,,,,,,,,,,,,,,,,,,,,1400000US06075023102,,,06075023102,"Census Tract 231.02, San Francisco County, California",43882,"Census Tract 231.02, San Francisco County, California",18747
G0600750023103,2020-2024,CA,,,California,06,San Francisco County,075,,,023103,,,,,,,,,,,,,,,,,,,,,,,1400000US06075023103,,,06075023103,"Census Tract 231.03, San Francisco County, California",30486,"Census Tract 231.03, San Francisco County, California",9786
G0600750023200,2020-2024,CA,,,California,06,San Francisco County,075,,,023200,,,,,,,,,,,,,,,,,,,,,,,1400000US06075023200,,,06075023200,"Census Tract 232, San Francisco County, California",82019,"Census Tract 232, San Francisco County, California",40519
G0600750023300,2020-2024,CA,,,California,06,San Francisco County,075,,,023300,,,,,,,,,,,,,,,,,,,,,,,1400000US06075023300,,,06075023300,"Census Tract 233, San Francisco County, California",89531,"Census Tract 233, San Francisco County, California",32995
G0600750023400,2020-2024,CA,,,California,06,San Francisco County,075,,,023400,,,,,,,,,,,,,,,,,,,,,,,1400000US06075023400,,,06075023400,"Census Tract 234, San Francisco County, California",62647,"Census Tract 234, San Francisco County, California",19009
G0600750025100,2020-2024,CA,,,California,06,San Francisco County,075,,,025100,,,,,,,,,,,,,,,,,,,,,,,1400000US06075025100,,,06075025100,"Census Tract 251, San Francisco County, California",165759,"Census Tract 251, San Francisco County, California",42807
G0600750025200,2020-2024,CA,,,California,06,San Francisco County,075,,,025200,,,,,,,,,,,,,,,,,,,,,,,1400000US06075025200,,,06075025200,"Census Tract 252, San Francisco County, California",197853,"Census Tract 252, San Francisco County, California",96390
G0600750025300,2020-2024,CA,,,California,06,San Francisco County,075,,,025300,,,,,,,,,,,,,,,,,,,,,,,1400000US06075025300,,,06075025300,"Census Tract 253, San Francisco County, California",181578,"Census Tract 253, San Francisco County, California",25731
G0600750025401,2020-2024,CA,,,California,06,San Francisco County,075,,,025401,,,,,,,,,,,,,,,,,,,,,,,1400000US06075025401,,,06075025401,"Census Tract 254.01, San Francisco County, California",204844,"Census Tract 254.01, San Francisco County, California",55345
G0600750025402,2020-2024,CA,,,California,06,San Francisco County,075,,,025402,,,,,,,,,,,,,,,,,,,,,,,1400000US06075025402,,,06075025402,"Census Tract 254.02, San Francisco County, California",190625,"Census Tract 254.02, San Francisco County, California",32681
G0600750025403,2020-2024,CA,,,California,06,San Francisco County,075,,,025403,,,,,,,,,,,,,,,,,,,,,,,1400000US06075025403,,,06075025403,"Census Tract 254.03, San Francisco County, California",147083,"Census Tract 254.03, San Francisco County, California",76803
G0600750025501,2020-2024,CA,,,California,06,San Francisco County,075,,,025501,,,,,,,,,,,,,,,,,,,,,,,1400000US06075025501,,,06075025501,"Census Tract 255.01, San Francisco County, California",113920,"Census Tract 255.01, San Francisco County, California",34237
G0600750025502,2020-2024,CA,,,California,06,San Francisco County,075,,,025502,,,,,,,,,,,,,,,,,,,,,,,1400000US06075025502,,,06075025502,"Census Tract 255.02, San Francisco County, California",180341,"Census Tract 255.02, San Francisco County, California",29112
G0600750025600,2020-2024,CA,,,California,06,San Francisco County,075,,,025600,,,,,,,,,,,,,,,,,,,,,,,1400000US06075025600,,,06075025600,"Census Tract 256, San Francisco County, California",144100,"Census Tract 256, San Francisco County, California",28691
G0600750025701,2020-2024,CA,,,California,06,San Francisco County,075,,,025701,,,,,,,,,,,,,,,,,,,,,,,1400000US06075025701,,,06075025701,"Census Tract 257.01, San Francisco County, California",130538,"Census Tract 257.01, San Francisco County, California",5638
G0600750025702,2020-2024,CA,,,California,06,San Francisco County,075,,,025702,,,,,,,,,,,,,,,,,,,,,,,1400000US06075025702,,,06075025702,"Census Tract 257.02, San Francisco County, California",125473,"Census Tract 257.02, San Francisco County, California",23576
G0600750025800,2020-2024,CA,,,California,06,San Francisco County,075,,,025800,,,,,,,,,,,,,,,,,,,,,,,1400000US06075025800,,,06075025800,"Census Tract 258, San Francisco County, California",82188,"Census Tract 258, San Francisco County, California",46842
G0600750025900,2020-2024,CA,,,California,06,San Francisco County,075,,,025900,,,,,,,,,,,,,,,,,,,,,,,1400000US06075025900,,,06075025900,"Census Tract 259, San Francisco County, California",175524,"Census Tract 259, San Francisco County, California",39071
G0600750026001,2020-2024,CA,,,California,06,San Francisco County,075,,,026001,,,,,,,,,,,,,,,,,,,,,,,1400000US06075026001,,,06075026001,"Census Tract 260.01, San Francisco County, California",120650,"Census Tract 260.01, San Francisco County, California",28736
G0600750026002,2020-2024,CA,,,California,06,San Francisco County,075,,,026002,,,,,,,,,,,,,,,,,,,,,,,1400000US06075026002,,,06075026002,"Census Tract 260.02, San Francisco County, California",127768,"Census Tract 260.02, San Francisco County, California",45460
G0600750026003,2020-2024,CA,,,California,06,San Francisco County,075,,,026003,,,,,,,,,,,,,,,,,,,,,,,1400000US06075026003,,,06075026003,"Census Tract 260.03, San Francisco County, California",105250,"Census Tract 260.03, San Francisco County, California",38558
G0600750026004,2020-2024,CA,,,California,06,San Francisco County,075,,,026004,,,,,,,,,,,,,,,,,,,,,,,1400000US06075026004,,,06075026004,"Census Tract 260.04, San Francisco County, California",146136,"Census Tract 260.04, San Francisco County, California",31459
G0600750026100,2020-2024,CA,,,California,06,San Francisco County,075,,,026100,,,,,,,,,,,,,,,,,,,,,,,1400000US06075026100,,,06075026100,"Census Tract 261, San Francisco County, California",122222,"Census Tract 261, San Francisco County, California",32592
G0600750026201,2020-2024,CA,,,California,06,San Francisco County,075,,,026201,,,,,,,,,,,,,,,,,,,,,,,1400000US06075026201,,,06075026201,"Census Tract 262.01, San Francisco County, California",160417,"Census Tract 262.01, San Francisco County, California",16077
G0600750026202,2020-2024,CA,,,California,06,San Francisco County,075,,,026202,,,,,,,,,,,,,,,,,,,,,,,1400000US06075026202,,,06075026202,"Census Tract 262.02, San Francisco County, California",148429,"Census Tract 262.02, San Francisco County, California",15408
G0600750026301,2020-2024,CA,,,California,06,San Francisco County,075,,,026301,,,,,,,,,,,,,,,,,,,,,,,1400000US06075026301,,,06075026301,"Census Tract 263.01, San Francisco County, California",115125,"Census Tract 263.01, San Francisco County, California",28621
G0600750026302,2020-2024,CA,,,California,06,San Francisco County,075,,,026302,,,,,,,,,,,,,,,,,,,,,,,1400000US06075026302,,,06075026302,"Census Tract 263.02, San Francisco County, California",92031,"Census Tract 263.02, San Francisco County, California",24740
G0600750026303,2020-2024,CA,,,California,06,San Francisco County,075,,,026303,,,,,,,,,,,,,,,,,,,,,,,1400000US06075026303,,,06075026303,"Census Tract 263.03, San Francisco County, California",96146,"Census Tract 263.03, San Francisco County, California",29914
G0600750026401,2020-2024,CA,,,California,06,San Francisco County,075,,,026401,,,,,,,,,,,,,,,,,,,,,,,1400000US06075026401,,,06075026401,"Census Tract 264.01, San Francisco County, California",82045,"Census Tract 264.01, San Francisco County, California",39073
G0600750026402,2020-2024,CA,,,California,06,San Francisco County,075,,,026402,,,,,,,,,,,,,,,,,,,,,,,1400000US06075026402,,,06075026402,"Census Tract 264.02, San Francisco County, California",151250,"Census Tract 264.02, San Francisco County, California",58644
G0600750026403,2020-2024,CA,,,California,06,San Francisco County,075,,,026403,,,,,,,,,,,,,,,,,,,,,,,1400000US06075026403,,,06075026403,"Census Tract 264.03, San Francisco County, California",75156,"Census Tract 264.03, San Francisco County, California",54991
G0600750026404,2020-2024,CA,,,California,06,San Francisco County,075,,,026404,,,,,,,,,,,,,,,,,,,,,,,1400000US06075026404,,,06075026404,"Census Tract 264.04, San Francisco County, California",84415,"Census Tract 264.04, San Francisco County, California",15218
G0600750030101,2020-2024,CA,,,California,06,San Francisco County,075,,,030101,,,,,,,,,,,,,,,,,,,,,,,1400000US06075030101,,,06075030101,"Census Tract 301.01, San Francisco County, California",156156,"Census Tract 301.01, San Francisco County, California",14224
G0600750030102,2020-2024,CA,,,California,06,San Francisco County,075,,,030102,,,,,,,,,,,,,,,,,,,,,,,1400000US06075030102,,,06075030102,"Census Tract 301.02, San Francisco County, California",208712,"Census Tract 301.02, San Francisco County, California",56453
G0600750030201,2020-2024,CA,,,California,06,San Francisco County,075,,,030201,,,,,,,,,,,,,,,,,,,,,,,1400000US06075030201,,,06075030201,"Census Tract 302.01, San Francisco County, California",109659,"Census Tract 302.01, San Francisco County, California",29006
G0600750030202,2020-2024,CA,,,California,06,San Francisco County,075,,,030202,,,,,,,,,,,,,,,,,,,,,,,1400000US06075030202,,,06075030202,"Census Tract 302.02, San Francisco County, California",122697,"Census Tract 302.02, San Francisco County, California",72861
G0600750030301,2020-2024,CA,,,California,06,San Francisco County,075,,,030301,,,,,,,,,,,,,,,,,,,,,,,1400000US06075030301,,,06075030301,"Census Tract 303.01, San Francisco County, California",199167,"Census Tract 303.01, San Francisco County, California",16153
G0600750030302,2020-2024,CA,,,California,06,San Francisco County,075,,,030302,,,,,,,,,,,,,,,,,,,,,,,1400000US06075030302,,,06075030302,"Census Tract 303.02, San Francisco County, California",216188,"Census Tract 303.02, San Francisco County, California",48434
G0600750030400,2020-2024,CA,,,California,06,San Francisco County,075,,,030400,,,,,,,,,,,,,,,,,,,,,,,1400000US06075030400,,,06075030400,"Census Tract 304, San Francisco County, California",137448,"Census Tract 304, San Francisco County, California",38371
G0600750030500,2020-2024,CA,,,California,06,San Francisco County,075,,,030500,,,,,,,,,,,,,,,,,,,,,,,1400000US06075030500,,,06075030500,"Census Tract 305, San Francisco County, California",177361,"Census Tract 305, San Francisco County, California",43593
G0600750030600,2020-2024,CA,,,California,06,San Francisco County,075,,,030600,,,,,,,,,,,,,,,,,,,,,,,1400000US06075030600,,,06075030600,"Census Tract 306, San Francisco County, California",247500,"Census Tract 306, San Francisco County, California",26925
G0600750030700,2020-2024,CA,,,California,06,San Francisco County,075,,,030700,,,,,,,,,,,,,,,,,,,,,,,1400000US06075030700,,,06075030700,"Census Tract 307, San Francisco County, California",185104,"Census Tract 307, San Francisco County, California",66184
G0600750030800,2020-2024,CA,,,California,06,San Francisco County,075,,,030800,,,,,,,,,,,,,,,,,,,,,,,1400000US06075030800,,,06075030800,"Census Tract 308, San Francisco County, California",186667,"Census Tract 308, San Francisco County, California",60647
G0600750030900,2020-2024,CA,,,California,06,San Francisco County,075,,,030900,,,,,,,,,,,,,,,,,,,,,,,1400000US06075030900,,,06075030900,"Census Tract 309, San Francisco County, California",235109,"Census Tract 309, San Francisco County, California",52661
G0600750031000,2020-2024,CA,,,California,06,San Francisco County,075,,,031000,,,,,,,,,,,,,,,,,,,,,,,1400000US06075031000,,,06075031000,"Census Tract 310, San Francisco County, California",206130,"Census Tract 310, San Francisco County, California",15349
G0600750031100,2020-2024,CA,,,California,06,San Francisco County,075,,,031100,,,,,,,,,,,,,,,,,,,,,,,1400000US06075031100,,,06075031100,"Census Tract 311, San Francisco County, California",200545,"Census Tract 311, San Francisco County, California",34054
G0600750031201,2020-2024,CA,,,California,06,San Francisco County,075,,,031201,,,,,,,,,,,,,,,,,,,,,,,1400000US06075031201,,,06075031201,"Census Tract 312.01, San Francisco County, California",120962,"Census Tract 312.01, San Francisco County, California",35994
G0600750031202,2020-2024,CA,,,California,06,San Francisco County,075,,,031202,,,,,,,,,,,,,,,,,,,,,,,1400000US06075031202,,,06075031202,"Census Tract 312.02, San Francisco County, California",181875,"Census Tract 312.02, San Francisco County, California",48462
G0600750031301,2020-2024,CA,,,California,06,San Francisco County,075,,,031301,,,,,,,,,,,,,,,,,,,,,,,1400000US06075031301,,,06075031301,"Census Tract 313.01, San Francisco County, California",147938,"Census Tract 313.01, San Francisco County, California",88492
G0600750031302,2020-2024,CA,,,California,06,San Francisco County,075,,,031302,,,,,,,,,,,,,,,,,,,,,,,1400000US06075031302,,,06075031302,"Census Tract 313.02, San Francisco County, California",138000,"Census Tract 313.02, San Francisco County, California",17326
G0600750031401,2020-2024,CA,,,California,06,San Francisco County,075,,,031401,,,,,,,,,,,,,,,,,,,,,,,1400000US06075031401,,,06075031401,"Census Tract 314.01, San Francisco County, California",99500,"Census Tract 314.01, San Francisco County, California",25344
G0600750031402,2020-2024,CA,,,California,06,San Francisco County,075,,,031402,,,,,,,,,,,,,,,,,,,,,,,1400000US06075031402,,,06075031402,"Census Tract 314.02, San Francisco County, California",155568,"Census Tract 314.02, San Francisco County, California",34103
G0600750032601,2020-2024,CA,,,California,06,San Francisco County,075,,,032601,,,,,,,,,,,,,,,,,,,,,,,1400000US06075032601,,,06075032601,"Census Tract 326.01, San Francisco County, California",154444,"Census Tract 326.01, San Francisco County, California",28629
G0600750032602,2020-2024,CA,,,California,06,San Francisco County,075,,,032602,,,,,,,,,,,,,,,,,,,,,,,1400000US06075032602,,,06075032602,"Census Tract 326.02, San Francisco County, California",163796,"Census Tract 326.02, San Francisco County, California",48087
G0600750032700,2020-2024,CA,,,California,06,San Francisco County,075,,,032700,,,,,,,,,,,,,,,,,,,,,,,1400000US06075032700,,,06075032700,"Census Tract 327, San Francisco County, California",128244,"Census Tract 327, San Francisco County, California",44507
G0600750032801,2020-2024,CA,,,California,06,San Francisco County,075,,,032801,,,,,,,,,,,,,,,,,,,,,,,1400000US06075032801,,,06075032801,"Census Tract 328.01, San Francisco County, California",154257,"Census Tract 328.01, San Francisco County, California",11807
G0600750032802,2020-2024,CA,,,California,06,San Francisco County,075,,,032802,,,,,,,,,,,,,,,,,,,,,,,1400000US06075032802,,,06075032802,"Census Tract 328.02, San Francisco County, California",105195,"Census Tract 328.02, San Francisco County, California",27318
G0600750032901,2020-2024,CA,,,California,06,San Francisco County,075,,,032901,,,,,,,,,,,,,,,,,,,,,,,1400000US06075032901,,,06075032901,"Census Tract 329.01, San Francisco County, California",176000,"Census Tract 329.01, San Francisco County, California",24116
G0600750032902,2020-2024,CA,,,California,06,San Francisco County,075,,,032902,,,,,,,,,,,,,,,,,,,,,,,1400000US06075032902,,,06075032902,"Census Tract 329.02, San Francisco County, California",126471,"Census Tract 329.02, San Francisco County, California",37072
G0600750033001,2020-2024,CA,,,California,06,San Francisco County,075,,,033001,,,,,,,,,,,,,,,,,,,,,,,1400000US06075033001,,,06075033001,"Census Tract 330.01, San Francisco County, California",183021,"Census Tract 330.01, San Francisco County, California",56589
G0600750033002,2020-2024,CA,,,California,06,San Francisco County,075,,,033002,,,,,,,,,,,,,,,,,,,,,,,1400000US06075033002,,,06075033002,"Census Tract 330.02, San Francisco County, California",181000,"Census Tract 330.02, San Francisco County, California",42152
G0600750033100,2020-2024,CA,,,California,06,San Francisco County,075,,,033100,,,,,,,,,,,,,,,,,,,,,,,1400000US06075033100,,,06075033100,"Census Tract 331, San Francisco County, California",176806,"Census Tract 331, San Francisco County, California",43927
G0600750033201,2020-2024,CA,,,California,06,San Francisco County,075,,,033201,,,,,,,,,,,,,,,,,,,,,,,1400000US06075033201,,,06075033201,"Census Tract 332.01, San Francisco County, California",-666666666,"Census Tract 332.01, San Francisco County, California",-222222222
G0600750033203,2020-2024,CA,,,California,06,San Francisco County,075,,,033203,,,,,,,,,,,,,,,,,,,,,,,1400000US06075033203,,,06075033203,"Census Tract 332.03, San Francisco County, California",76923,"Census Tract 332.03, San Francisco County, California",18006
G0600750033204,2020-2024,CA,,,California,06,San Francisco County,075,,,033204,,,,,,,,,,,,,,,,,,,,,,,1400000US06075033204,,,06075033204,"Census Tract 332.04, San Francisco County, California",58114,"Census Tract 332.04, San Francisco County, California",18457
G0600750035101,2020-2024,CA,,,California,06,San Francisco County,075,,,035101,,,,,,,,,,,,,,,,,,,,,,,1400000US06075035101,,,06075035101,"Census Tract 351.01, San Francisco County, California",136176,"Census Tract 351.01, San Francisco County, California",55148
G0600750035102,2020-2024,CA,,,California,06,San Francisco County,075,,,035102,,,,,,,,,,,,,,,,,,,,,,,1400000US06075035102,,,06075035102,"Census Tract 351.02, San Francisco County, California",167279,"Census Tract 351.02, San Francisco County, California",39558
G0600750035201,2020-2024,CA,,,California,06,San Francisco County,075,,,035201,,,,,,,,,,,,,,,,,,,,,,,1400000US06075035201,,,06075035201,"Census Tract 352.01, San Francisco County, California",136295,"Census Tract 352.01, San Francisco County, California",36072
G0600750035202,2020-2024,CA,,,California,06,San Francisco County,075,,,035202,,,,,,,,,,,,,,,,,,,,,,,1400000US06075035202,,,06075035202,"Census Tract 352.02, San Francisco County, California",104877,"Census Tract 352.02, San Francisco County, California",24980
G0600750035300,2020-2024,CA,,,California,06,San Francisco County,075,,,035300,,,,,,,,,,,,,,,,,,,,,,,1400000US06075035300,,,06075035300,"Census Tract 353, San Francisco County, California",161074,"Census Tract 353, San Francisco County, California",32675
G0600750035400,2020-2024,CA,,,California,06,San Francisco County,075,,,035400,,,,,,,,,,,,,,,,,,,,,,,1400000US06075035400,,,06075035400,"Census Tract 354, San Francisco County, California",149794,"Census Tract 354, San Francisco County, California",22586
G0600750040100,2020-2024,CA,,,California,06,San Francisco County,075,,,040100,,,,,,,,,,,,,,,,,,,,,,,1400000US06075040100,,,06075040100,"Census Tract 401, San Francisco County, California",175144,"Census Tract 401, San Francisco County, California",42110
G0600750040200,2020-2024,CA,,,California,06,San Francisco County,075,,,040200,,,,,,,,,,,,,,,,,,,,,,,1400000US06075040200,,,06075040200,"Census Tract 402, San Francisco County, California",187679,"Census Tract 402, San Francisco County, California",66618
G0600750042601,2020-2024,CA,,,California,06,San Francisco County,075,,,042601,,,,,,,,,,,,,,,,,,,,,,,1400000US06075042601,,,06075042601,"Census Tract 426.01, San Francisco County, California",138646,"Census Tract 426.01, San Francisco County, California",23006
G0600750042602,2020-2024,CA,,,California,06,San Francisco County,075,,,042602,,,,,,,,,,,,,,,,,,,,,,,1400000US06075042602,,,06075042602,"Census Tract 426.02, San Francisco County, California",156726,"Census Tract 426.02, San Francisco County, California",29255
G0600750042700,2020-2024,CA,,,California,06,San Francisco County,075,,,042700,,,,,,,,,,,,,,,,,,,,,,,1400000US06075042700,,,06075042700,"Census Tract 427, San Francisco County, California",102584,"Census Tract 427, San Francisco County, California",21100
G0600750042800,2020-2024,CA,,,California,06,San Francisco County,075,,,042800,,,,,,,,,,,,,,,,,,,,,,,1400000US06075042800,,,06075042800,"Census Tract 428, San Francisco County, California",250001,"Census Tract 428, San Francisco County, California",-333333333
G0600750045100,2020-2024,CA,,,California,06,San Francisco County,075,,,045100,,,,,,,,,,,,,,,,,,,,,,,1400000US06075045100,,,06075045100,"Census Tract 451, San Francisco County, California",211111,"Census Tract 451, San Francisco County, California",46333
G0600750045201,2020-2024,CA,,,California,06,San Francisco County,075,,,045201,,,,,,,,,,,,,,,,,,,,,,,1400000US06075045201,,,06075045201,"Census Tract 452.01, San Francisco County, California",166944,"Census Tract 452.01, San Francisco County, California",34456
G0600750045202,2020-2024,CA,,,California,06,San Francisco County,075,,,045202,,,,,,,,,,,,,,,,,,,,,,,1400000US06075045202,,,06075045202,"Census Tract 452.02, San Francisco County, California",133977,"Census Tract 452.02, San Francisco County, California",53496
G0600750047600,2020-2024,CA,,,California,06,San Francisco County,075,,,047600,,,,,,,,,,,,,,,,,,,,,,,1400000US06075047600,,,06075047600,"Census Tract 476, San Francisco County, California",180000,"Census Tract 476, San Francisco County, California",30694
G0600750047701,2020-2024,CA,,,California,06,San Francisco County,075,,,047701,,,,,,,,,,,,,,,,,,,,,,,1400000US06075047701,,,06075047701,"Census Tract 477.01, San Francisco County, California",121923,"Census Tract 477.01, San Francisco County, California",27872
G0600750047702,2020-2024,CA,,,California,06,San Francisco County,075,,,047702,,,,,,,,,,,,,,,,,,,,,,,1400000US06075047702,,,06075047702,"Census Tract 477.02, San Francisco County, California",112500,"Census Tract 477.02, San Francisco County, California",27837
G0600750047801,2020-2024,CA,,,California,06,San Francisco County,075,,,047801,,,,,,,,,,,,,,,,,,,,,,,1400000US06075047801,,,06075047801,"Census Tract 478.01, San Francisco County, California",172375,"Census Tract 478.01, San Francisco County, California",36523
G0600750047802,2020-2024,CA,,,California,06,San Francisco County,075,,,047802,,,,,,,,,,,,,,,,,,,,,,,1400000US06075047802,,,06075047802,"Census Tract 478.02, San Francisco County, California",129415,"Census Tract 478.02, San Francisco County, California",20211
G0600750047902,2020-2024,CA,,,California,06,San Francisco County,075,,,047902,,,,,,,,,,,,,,,,,,,,,,,1400000US06075047902,,,06075047902,"Census Tract 479.02, San Francisco County, California",125750,"Census Tract 479.02, San Francisco County, California",32942
G0600750047903,2020-2024,CA,,,California,06,San Francisco County,075,,,047903,,,,,,,,,,,,,,,,,,,,,,,1400000US06075047903,,,06075047903,"Census Tract 479.03, San Francisco County, California",144766,"Census Tract 479.03, San Francisco County, California",33490
G0600750047904,2020-2024,CA,,,California,06,San Francisco County,075,,,047904,,,,,,,,,,,,,,,,,,,,,,,1400000US06075047904,,,06075047904,"Census Tract 479.04, San Francisco County, California",105577,"Census Tract 479.04, San Francisco County, California",47058
G0600750060100,2020-2024,CA,,,California,06,San Francisco County,075,,,060100,,,,,,,,,,,,,,,,,,,,,,,1400000US06075060100,,,06075060100,"Census Tract 601, San Francisco County, California",219750,"Census Tract 601, San Francisco County, California",58390
G0600750060400,2020-2024,CA,,,California,06,San Francisco County,075,,,060400,,,,,,,,,,,,,,,,,,,,,,,1400000US06075060400,,,06075060400,"Census Tract 604, San Francisco County, California",77045,"Census Tract 604, San Francisco County, California",40475
G0600750060502,2020-2024,CA,,,California,06,San Francisco County,075,,,060502,,,,,,,,,,,,,,,,,,,,,,,1400000US06075060502,,,06075060502,"Census Tract 605.02, San Francisco County, California",39559,"Census Tract 605.02, San Francisco County, California",32503
G0600750060701,2020-2024,CA,,,California,06,San Francisco County,075,,,060701,,,,,,,,,,,,,,,,,,,,,,,1400000US06075060701,,,06075060701,"Census Tract 607.01, San Francisco County, California",231225,"Census Tract 607.01, San Francisco County, California",62213
G0600750060702,2020-2024,CA,,,California,06,San Francisco County,075,,,060702,,,,,,,,,,,,,,,,,,,,,,,1400000US06075060702,,,06075060702,"Census Tract 607.02, San Francisco County, California",147903,"Census Tract 607.02, San Francisco County, California",14826
G0600750060703,2020-2024,CA,,,California,06,San Francisco County,075,,,060703,,,,,,,,,,,,,,,,,,,,,,,1400000US06075060703,,,06075060703,"Census Tract 607.03, San Francisco County, California",179727,"Census Tract 607.03, San Francisco County, California",55757
G0600750061000,2020-2024,CA,,,California,06,San Francisco County,075,,,061000,,,,,,,,,,,,,,,,,,,,,,,1400000US06075061000,,,06075061000,"Census Tract 610, San Francisco County, California",155968,"Census Tract 610, San Francisco County, California",40444
G0600750061101,2020-2024,CA,,,California,06,San Francisco County,075,,,061101,,,,,,,,,,,,,,,,,,,,,,,1400000US06075061101,,,06075061101,"Census Tract 611.01, San Francisco County, California",24167,"Census Tract 611.01, San Francisco County, California",7607
G0600750061102,2020-2024,CA,,,California,06,San Francisco County,075,,,061102,,,,,,,,,,,,,,,,,,,,,,,1400000US06075061102,,,06075061102,"Census Tract 611.02, San Francisco County, California",28958,"Census Tract 611.02, San Francisco County, California",25902
G0600750061200,2020-2024,CA,,,California,06,San Francisco County,075,,,061200,,,,,,,,,,,,,,,,,,,,,,,1400000US06075061200,,,06075061200,"Census Tract 612, San Francisco County, California",128380,"Census Tract 612, San Francisco County, California",40345
G0600750061401,2020-2024,CA,,,California,06,San Francisco County,075,,,061401,,,,,,,,,,,,,,,,,,,,,,,1400000US06075061401,,,06075061401,"Census Tract 614.01, San Francisco County, California",148598,"Census Tract 614.01, San Francisco County, California",85610
G0600750061402,2020-2024,CA,,,California,06,San Francisco County,075,,,061402,,,,,,,,,,,,,,,,,,,,,,,1400000US06075061402,,,06075061402,"Census Tract 614.02, San Francisco County, California",226290,"Census Tract 614.02, San Francisco County, California",67216
G0600750061501,2020-2024,CA,,,California,06,San Francisco County,075,,,061501,,,,,,,,,,,,,,,,,,,,,,,1400000US06075061501,,,06075061501,"Census Tract 615.01, San Francisco County, California",229363,"Census Tract 615.01, San Francisco County, California",120085
G0600750061502,2020-2024,CA,,,California,06,San Francisco County,075,,,061502,,,,,,,,,,,,,,,,,,,,,,,1400000US06075061502,,,06075061502,"Census Tract 615.02, San Francisco County, California",122422,"Census Tract 615.02, San Francisco County, California",67094
G0600750061503,2020-2024,CA,,,California,06,San Francisco County,075,,,061503,,,,,,,,,,,,,,,,,,,,,,,1400000US06075061503,,,06075061503,"Census Tract 615.03, San Francisco County, California",188441,"Census Tract 615.03, San Francisco County, California",27520
G0600750061504,2020-2024,CA,,,California,06,San Francisco County,075,,,061504,,,,,,,,,,,,,,,,,,,,,,,1400000US06075061504,,,06075061504,"Census Tract 615.04, San Francisco County, California",231414,"Census Tract 615.04, San Francisco County, California",68901
G0600750061505,2020-2024,CA,,,California,06,San Francisco County,075,,,061505,,,,,,,,,,,,,,,,,,,,,,,1400000US06075061505,,,06075061505,"Census Tract 615.05, San Francisco County, California",250001,"Census Tract 615.05, San Francisco County, California",-333333333
G0600750061506,2020-2024,CA,,,California,06,San Francisco County,075,,,061506,,,,,,,,,,,,,,,,,,,,,,,1400000US06075061506,,,06075061506,"Census Tract 615.06, San Francisco County, California",250001,"Census Tract 615.06, San Francisco County, California",-333333333
G0600750061507,2020-2024,CA,,,California,06,San Francisco County,075,,,061507,,,,,,,,,,,,,,,,,,,,,,,1400000US06075061507,,,06075061507,"Census Tract 615.07, San Francisco County, California",118661,"Census Tract 615.07, San Francisco County, California",98610
G0600750061508,2020-2024,CA,,,California,06,San Francisco County,075,,,061508,,,,,,,,,,,,,,,,,,,,,,,1400000US06075061508,,,06075061508,"Census Tract 615.08, San Francisco County, California",157314,"Census Tract 615.08, San Francisco County, California",58971
G0600750980200,2020-2024,CA,,,California,06,San Francisco County,075,,,980200,,,,,,,,,,,,,,,,,,,,,,,1400000US06075980200,,,06075980200,"Census Tract 9802, San Francisco County, California",-666666666,"Census Tract 9802, San Francisco County, California",-222222222
G0600750980300,2020-2024,CA,,,California,06,San Francisco County,075,,,980300,,,,,,,,,,,,,,,,,,,,,,,1400000US06075980300,,,06075980300,"Census Tract 9803, San Francisco County, California",107188,"Census Tract 9803, San Francisco County, California",43473
G0600750980401,2020-2024,CA,,,California,06,San Francisco County,075,,,980401,,,,,,,,,,,,,,,,,,,,,,,1400000US06075980401,,,06075980401,"Census Tract 9804.01, San Francisco County, California",-666666666,"Census Tract 9804.01, San Francisco County, California",-222222222
G0600750980501,2020-2024,CA,,,California,06,San Francisco County,075,,,980501,,,,,,,,,,,,,,,,,,,,,,,1400000US06075980501,,,06075980501,"Census Tract 9805.01, San Francisco County, California",12908,"Census Tract 9805.01, San Francisco County, California",1255
G0600750980600,2020-2024,CA,,,California,06,San Francisco County,075,,,980600,,,,,,,,,,,,,,,,,,,,,,,1400000US06075980600,,,06075980600,"Census Tract 9806, San Francisco County, California",154375,"Census Tract 9806, San Francisco County, California",47835
G0600750980900,2020-2024,CA,,,California,06,San Francisco County,075,,,980900,,,,,,,,,,,,,,,,,,,,,,,1400000US06075980900,,,06075980900,"Census Tract 9809, San Francisco County, California",-666666666,"Census Tract 9809, San Francisco County, California",-222222222
G0600750990100,2020-2024,CA,,,California,06,San Francisco County,075,,,990100,,,,,,,,,,,,,,,,,,,,,,,1400000US06075990100,,,06075990100,"Census Tract 9901, San Francisco County, California",-666666666,"Census Tract 9901, San Francisco County, California",-222222222
G0600750990200,2020-2024,CA,,,California,06,San Francisco County,075,,,990200,,,,,,,,,,,,,,,,,,,,,,,1400000US06075990200,,,06075990200,"Census Tract 9902, San Francisco County, California",-666666666,"Census Tract 9902, San Francisco County, California",-222222222
