GISJOIN,YEAR,STUSAB,REGIONA,DIVISIONA,STATE,STATEA,COUNTY,COUNTYA,COUSUBA,PLACEA,TRACTA,BLKGRPA,CONCITA,AIANHHA,RES_ONLYA,TRUSTA,AIHHTLI,AITSA,ANRCA,CBSAA,CSAA,METDIVA,UAA,CDCURRA,SLDUA,SLDLA,ZCTA5A,SUBMCDA,SDELMA,SDSECA,SDUNIA,PCI,PUMAA,GEO_ID,BTTRA,BTBGA,TL_GEO_ID,NAME_E,AUO6E001,NAME_M,AUO6M001
G0600750010101,2020-2024,CA,,,California,06,San Francisco County,075,,,010101,,,,,,,,,,,,,,,,,,,,,,,1400000US06075010101,,,06075010101,"Census Tract 101.01, San Francisco County, California",1911,"Census Tract 101.01, San Francisco County, California",285
G0600750010102,2020-2024,CA,,,California,06,San Francisco County,075,,,010102,,,,,,,,,,,,,,,,,,,,,,,1400000US06075010102,,,06075010102,"Census Tract 101.02, San Francisco County, California",1917,"Census Tract 101.02, San Francisco County, California",339
G0600750010201,2020-2024,CA,,,California,06,San Francisco County,075,,,010201,,,,,,,,,,,,,,,,,,,,,,,1400000US06075010201,,,06075010201,"Census Tract 102.01, San Francisco County, California",2650,"Census Tract 102.01, San Francisco County, California",532
G0600750010202,2020-2024,CA,,,California,06,San Francisco County,075,,,010202,,,,,,,,,,,,,,,,,,,,,,,1400000US06075010202,,,06075010202,"Census Tract 102.02, San Francisco County, California",1839,"Census Tract 102.02, San Francisco County, California",311
G0600750010300,2020-2024,CA,,,California,06,San Francisco County,075,,,010300,,,,,,,,,,,,,,,,,,,,,,,1400000US06075010300,,,06075010300,"Census Tract 103, San Francisco County, California",3824,"Census Tract 103, San Francisco County, California",551
G0600750010401,2020-2024,CA,,,California,06,San Francisco County,075,,,010401,,,,,,,,,,,,,,,,,,,,,,,1400000US06075010401,,,06075010401,"Census Tract 104.01, San Francisco County, California",2427,"Census Tract 104.01, San Francisco County, California",739
G0600750010402,2020-2024,CA,,,California,06,San Francisco County,075,,,010402,,,,,,,,,,,,,,,,,,,,,,,1400000US06075010402,,,06075010402,"Census Tract 104.02, San Francisco County, California",1924,"Census Tract 104.02, San Francisco County, California",254
G0600750010500,2020-2024,CA,,,California,06,San Francisco County,075,,,010500,,,,,,,,,,,,,,,,,,,,,,,1400000US06075010500,,,06075010500,"Census Tract 105, San Francisco County, California",3473,"Census Tract 105, San Francisco County, California",506
G0600750010600,2020-2024,CA,,,California,06,San Francisco County,075,,,010600,,,,,,,,,,,,,,,,,,,,,,,1400000US06075010600,,,06075010600,"Census Tract 106, San Francisco County, California",2957,"Census Tract 106, San Francisco County, California",407
G0600750010701,2020-2024,CA,,,California,06,San Francisco County,075,,,010701,,,,,,,,,,,,,,,,,,,,,,,1400000US06075010701,,,06075010701,"Census Tract 107.01, San Francisco County, California",3021,"Census Tract 107.01, San Francisco County, California",616
G0600750010702,2020-2024,CA,,,California,06,San Francisco County,075,,,010702,,,,,,,,,,,,,,,,,,,,,,,1400000US06075010702,,,06075010702,"Census Tract 107.02, San Francisco County, California",1398,"Census Tract 107.02, San Francisco County, California",257
G0600750010800,2020-2024,CA,,,California,06,San Francisco County,075,,,010800,,,,,,,,,,,,,,,,,,,,,,,1400000US06075010800,,,06075010800,"Census Tract 108, San Francisco County, California",4047,"Census Tract 108, San Francisco County, California",537
G0600750010901,2020-2024,CA,,,California,06,San Francisco County,075,,,010901,,,,,,,,,,,,,,,,,,,,,,,1400000US06075010901,,,06075010901,"Census Tract 109.01, San Francisco County, California",2067,"Census Tract 109.01, San Francisco County, California",334
G0600750010902,2020-2024,CA,,,California,06,San Francisco County,075,,,010902,,,,,,,,,,,,,,,,,,,,,,,1400000US06075010902,,,06075010902,"Census Tract 109.02, San Francisco County, California",2589,"Census Tract 109.02, San Francisco County, California",528
G0600750011001,2020-2024,CA,,,California,06,San Francisco County,075,,,011001,,,,,,,,,,,,,,,,,,,,,,,1400000US06075011001,,,06075011001,"Census Tract 110.01, San Francisco County, California",2402,"Census Tract 110.01, San Francisco County, California",421
G0600750011002,2020-2024,CA,,,California,06,San Francisco County,075,,,011002,,,,,,,,,,,,,,,,,,,,,,,1400000US06075011002,,,06075011002,"Census Tract 110.02, San Francisco County, California",1992,"Census Tract 110.02, San Francisco County, California",449
G0600750011101,2020-2024,CA,,,California,06,San Francisco County,075,,,011101,,,,,,,,,,,,,,,,,,,,,,,1400000US06075011101,,,06075011101,"Census Tract 111.01, San Francisco County, California",2477,"Census Tract 111.01, San Francisco County, California",413
G0600750011102,2020-2024,CA,,,California,06,San Francisco County,075,,,011102,,,,,,,,,,,,,,,,,,,,,,,1400000US06075011102,,,06075011102,"Census Tract 111.02, San Francisco County, California",2207,"Census Tract 111.02, San Francisco County, California",436
G0600750011200,2020-2024,CA,,,California,06,San Francisco County,075,,,011200,,,,,,,,,,,,,,,,,,,,,,,1400000US06075011200,,,06075011200,"Census Tract 112, San Francisco County, California",2676,"Census Tract 112, San Francisco County, California",392
G0600750011300,2020-2024,CA,,,California,06,San Francisco County,075,,,011300,,,,,,,,,,,,,,,,,,,,,,,1400000US06075011300,,,06075011300,"Census Tract 113, San Francisco County, California",2589,"Census Tract 113, San Francisco County, California",473
G0600750011700,2020-2024,CA,,,California,06,San Francisco County,075,,,011700,,,,,,,,,,,,,,,,,,,,,,,1400000US06075011700,,,06075011700,"Census Tract 117, San Francisco County, California",1914,"Census Tract 117, San Francisco County, California",315
G0600750011800,2020-2024,CA,,,California,06,San Francisco County,075,,,011800,,,,,,,,,,,,,,,,,,,,,,,1400000US06075011800,,,06075011800,"Census Tract 118, San Francisco County, California",1376,"Census Tract 118, San Francisco County, California",260
G0600750011901,2020-2024,CA,,,California,06,San Francisco County,075,,,011901,,,,,,,,,,,,,,,,,,,,,,,1400000US06075011901,,,06075011901,"Census Tract 119.01, San Francisco County, California",2022,"Census Tract 119.01, San Francisco County, California",300
G0600750011902,2020-2024,CA,,,California,06,San Francisco County,075,,,011902,,,,,,,,,,,,,,,,,,,,,,,1400000US06075011902,,,06075011902,"Census Tract 119.02, San Francisco County, California",3032,"Census Tract 119.02, San Francisco County, California",641
G0600750012001,2020-2024,CA,,,California,06,San Francisco County,075,,,012001,,,,,,,,,,,,,,,,,,,,,,,1400000US06075012001,,,06075012001,"Census Tract 120.01, San Francisco County, California",1746,"Census Tract 120.01, San Francisco County, California",488
G0600750012002,2020-2024,CA,,,California,06,San Francisco County,075,,,012002,,,,,,,,,,,,,,,,,,,,,,,1400000US06075012002,,,06075012002,"Census Tract 120.02, San Francisco County, California",2126,"Census Tract 120.02, San Francisco County, California",377
G0600750012100,2020-2024,CA,,,California,06,San Francisco County,075,,,012100,,,,,,,,,,,,,,,,,,,,,,,1400000US06075012100,,,06075012100,"Census Tract 121, San Francisco County, California",3203,"Census Tract 121, San Francisco County, California",399
G0600750012202,2020-2024,CA,,,California,06,San Francisco County,075,,,012202,,,,,,,,,,,,,,,,,,,,,,,1400000US06075012202,,,06075012202,"Census Tract 122.02, San Francisco County, California",2915,"Census Tract 122.02, San Francisco County, California",377
G0600750012203,2020-2024,CA,,,California,06,San Francisco County,075,,,012203,,,,,,,,,,,,,,,,,,,,,,,1400000US06075012203,,,06075012203,"Census Tract 122.03, San Francisco County, California",1524,"Census Tract 122.03, San Francisco County, California",386
G0600750012204,2020-2024,CA,,,California,06,San Francisco County,075,,,012204,,,,,,,,,,,,,,,,,,,,,,,1400000US06075012204,,,06075012204,"Census Tract 122.04, San Francisco County, California",2571,"Census Tract 122.04, San Francisco County, California",554
G0600750012301,2020-2024,CA,,,California,06,San Francisco County,075,,,012301,,,,,,,,,,,,,,,,,,,,,,,1400000US06075012301,,,06075012301,"Census Tract 123.01, San Francisco County, California",1924,"Census Tract 123.01, San Francisco County, California",382
G0600750012302,2020-2024,CA,,,California,06,San Francisco County,075,,,012302,,,,,,,,,,,,,,,,,,,,,,,1400000US06075012302,,,06075012302,"Census Tract 123.02, San Francisco County, California",2700,"Census Tract 123.02, San Francisco County, California",266
G0600750012403,2020-2024,CA,,,California,06,San Francisco County,075,,,012403,,,,,,,,,,,,,,,,,,,,,,,1400000US06075012403,,,06075012403,"Census Tract 124.03, San Francisco County, California",2481,"Census Tract 124.03, San Francisco County, California",648
G0600750012404,2020-2024,CA,,,California,06,San Francisco County,075,,,012404,,,,,,,,,,,,,,,,,,,,,,,1400000US06075012404,,,06075012404,"Census Tract 124.04, San Francisco County, California",2714,"Census Tract 124.04, San Francisco County, California",453
G0600750012405,2020-2024,CA,,,California,06,San Francisco County,075,,,012405,,,,,,,,,,,,,,,,,,,,,,,1400000US06075012405,,,06075012405,"Census Tract 124.05, San Francisco County, California",3764,"Census Tract 124.05, San Francisco County, California",491
G0600750012406,2020-2024,CA,,,California,06,San Francisco County,075,,,012406,,,,,,,,,,,,,,,,,,,,,,,1400000US06075012406,,,06075012406,"Census Tract 124.06, San Francisco County, California",1529,"Census Tract 124.06, San Francisco County, California",254
G0600750012502,2020-2024,CA,,,California,06,San Francisco County,075,,,012502,,,,,,,,,,,,,,,,,,,,,,,1400000US06075012502,,,06075012502,"Census Tract 125.02, San Francisco County, California",4517,"Census Tract 125.02, San Francisco County, California",696
G0600750012503,2020-2024,CA,,,California,06,San Francisco County,075,,,012503,,,,,,,,,,,,,,,,,,,,,,,1400000US06075012503,,,06075012503,"Census Tract 125.03, San Francisco County, California",4772,"Census Tract 125.03, San Francisco County, California",558
G0600750012504,2020-2024,CA,,,California,06,San Francisco County,075,,,012504,,,,,,,,,,,,,,,,,,,,,,,1400000US06075012504,,,06075012504,"Census Tract 125.04, San Francisco County, California",693,"Census Tract 125.04, San Francisco County, California",220
G0600750012601,2020-2024,CA,,,California,06,San Francisco County,075,,,012601,,,,,,,,,,,,,,,,,,,,,,,1400000US06075012601,,,06075012601,"Census Tract 126.01, San Francisco County, California",2105,"Census Tract 126.01, San Francisco County, California",347
G0600750012602,2020-2024,CA,,,California,06,San Francisco County,075,,,012602,,,,,,,,,,,,,,,,,,,,,,,1400000US06075012602,,,06075012602,"Census Tract 126.02, San Francisco County, California",3071,"Census Tract 126.02, San Francisco County, California",477
G0600750012700,2020-2024,CA,,,California,06,San Francisco County,075,,,012700,,,,,,,,,,,,,,,,,,,,,,,1400000US06075012700,,,06075012700,"Census Tract 127, San Francisco County, California",4027,"Census Tract 127, San Francisco County, California",674
G0600750012801,2020-2024,CA,,,California,06,San Francisco County,075,,,012801,,,,,,,,,,,,,,,,,,,,,,,1400000US06075012801,,,06075012801,"Census Tract 128.01, San Francisco County, California",2568,"Census Tract 128.01, San Francisco County, California",578
G0600750012802,2020-2024,CA,,,California,06,San Francisco County,075,,,012802,,,,,,,,,,,,,,,,,,,,,,,1400000US06075012802,,,06075012802,"Census Tract 128.02, San Francisco County, California",1855,"Census Tract 128.02, San Francisco County, California",334
G0600750012901,2020-2024,CA,,,California,06,San Francisco County,075,,,012901,,,,,,,,,,,,,,,,,,,,,,,1400000US06075012901,,,06075012901,"Census Tract 129.01, San Francisco County, California",2830,"Census Tract 129.01, San Francisco County, California",579
G0600750012902,2020-2024,CA,,,California,06,San Francisco County,075,,,012902,,,,,,,,,,,,,,,,,,,,,,,1400000US06075012902,,,06075012902,"Census Tract 129.02, San Francisco County, California",2589,"Census Tract 129.02, San Francisco County, California",366
G0600750013001,2020-2024,CA,,,California,06,San Francisco County,075,,,013001,,,,,,,,,,,,,,,,,,,,,,,1400000US06075013001,,,06075013001,"Census Tract 130.01, San Francisco County, California",1427,"Census Tract 130.01, San Francisco County, California",250
G0600750013002,2020-2024,CA,,,California,06,San Francisco County,075,,,013002,,,,,,,,,,,,,,,,,,,,,,,1400000US06075013002,,,06075013002,"Census Tract 130.02, San Francisco County, California",2843,"Census Tract 130.02, San Francisco County, California",650
G0600750013101,2020-2024,CA,,,California,06,San Francisco County,075,,,013101,,,,,,,,,,,,,,,,,,,,,,,1400000US06075013101,,,06075013101,"Census Tract 131.01, San Francisco County, California",3768,"Census Tract 131.01, San Francisco County, California",544
G0600750013102,2020-2024,CA,,,California,06,San Francisco County,075,,,013102,,,,,,,,,,,,,,,,,,,,,,,1400000US06075013102,,,06075013102,"Census Tract 131.02, San Francisco County, California",2550,"Census Tract 131.02, San Francisco County, California",456
G0600750013200,2020-2024,CA,,,California,06,San Francisco County,075,,,013200,,,,,,,,,,,,,,,,,,,,,,,1400000US06075013200,,,06075013200,"Census Tract 132, San Francisco County, California",3481,"Census Tract 132, San Francisco County, California",557
G0600750013300,2020-2024,CA,,,California,06,San Francisco County,075,,,013300,,,,,,,,,,,,,,,,,,,,,,,1400000US06075013300,,,06075013300,"Census Tract 133, San Francisco County, California",3952,"Census Tract 133, San Francisco County, California",451
G0600750013401,2020-2024,CA,,,California,06,San Francisco County,075,,,013401,,,,,,,,,,,,,,,,,,,,,,,1400000US06075013401,,,06075013401,"Census Tract 134.01, San Francisco County, California",1390,"Census Tract 134.01, San Francisco County, California",295
G0600750013402,2020-2024,CA,,,California,06,San Francisco County,075,,,013402,,,,,,,,,,,,,,,,,,,,,,,1400000US06075013402,,,06075013402,"Census Tract 134.02, San Francisco County, California",2420,"Census Tract 134.02, San Francisco County, California",400
G0600750013500,2020-2024,CA,,,California,06,San Francisco County,075,,,013500,,,,,,,,,,,,,,,,,,,,,,,1400000US06075013500,,,06075013500,"Census Tract 135, San Francisco County, California",2807,"Census Tract 135, San Francisco County, California",331
G0600750015100,2020-2024,CA,,,California,06,San Francisco County,075,,,015100,,,,,,,,,,,,,,,,,,,,,,,1400000US06075015100,,,06075015100,"Census Tract 151, San Francisco County, California",2641,"Census Tract 151, San Francisco County, California",423
G0600750015201,2020-2024,CA,,,California,06,San Francisco County,075,,,015201,,,,,,,,,,,,,,,,,,,,,,,1400000US06075015201,,,06075015201,"Census Tract 152.01, San Francisco County, California",1615,"Census Tract 152.01, San Francisco County, California",203
G0600750015202,2020-2024,CA,,,California,06,San Francisco County,075,,,015202,,,,,,,,,,,,,,,,,,,,,,,1400000US06075015202,,,06075015202,"Census Tract 152.02, San Francisco County, California",2413,"Census Tract 152.02, San Francisco County, California",631
G0600750015300,2020-2024,CA,,,California,06,San Francisco County,075,,,015300,,,,,,,,,,,,,,,,,,,,,,,1400000US06075015300,,,06075015300,"Census Tract 153, San Francisco County, California",2377,"Census Tract 153, San Francisco County, California",414
G0600750015401,2020-2024,CA,,,California,06,San Francisco County,075,,,015401,,,,,,,,,,,,,,,,,,,,,,,1400000US06075015401,,,06075015401,"Census Tract 154.01, San Francisco County, California",3205,"Census Tract 154.01, San Francisco County, California",380
G0600750015402,2020-2024,CA,,,California,06,San Francisco County,075,,,015402,,,,,,,,,,,,,,,,,,,,,,,1400000US06075015402,,,06075015402,"Census Tract 154.02, San Francisco County, California",2688,"Census Tract 154.02, San Francisco County, California",575
G0600750015500,2020-2024,CA,,,California,06,San Francisco County,075,,,015500,,,,,,,,,,,,,,,,,,,,,,,1400000US06075015500,,,06075015500,"Census Tract 155, San Francisco County, California",4011,"Census Tract 155, San Francisco County, California",517
G0600750015600,2020-2024,CA,,,California,06,San Francisco County,075,,,015600,,,,,,,,,,,,,,,,,,,,,,,1400000US06075015600,,,06075015600,"Census Tract 156, San Francisco County, California",2964,"Census Tract 156, San Francisco County, California",501
G0600750015701,2020-2024,CA,,,California,06,San Francisco County,075,,,015701,,,,,,,,,,,,,,,,,,,,,,,1400000US06075015701,,,06075015701,"Census Tract 157.01, San Francisco County, California",4777,"Census Tract 157.01, San Francisco County, California",488
G0600750015702,2020-2024,CA,,,California,06,San Francisco County,075,,,015702,,,,,,,,,,,,,,,,,,,,,,,1400000US06075015702,,,06075015702,"Census Tract 157.02, San Francisco County, California",3080,"Census Tract 157.02, San Francisco County, California",676
G0600750015801,2020-2024,CA,,,California,06,San Francisco County,075,,,015801,,,,,,,,,,,,,,,,,,,,,,,1400000US06075015801,,,06075015801,"Census Tract 158.01, San Francisco County, California",3384,"Census Tract 158.01, San Francisco County, California",483
G0600750015802,2020-2024,CA,,,California,06,San Francisco County,075,,,015802,,,,,,,,,,,,,,,,,,,,,,,1400000US06075015802,,,06075015802,"Census Tract 158.02, San Francisco County, California",3095,"Census Tract 158.02, San Francisco County, California",519
G0600750015900,2020-2024,CA,,,California,06,San Francisco County,075,,,015900,,,,,,,,,,,,,,,,,,,,,,,1400000US06075015900,,,06075015900,"Census Tract 159, San Francisco County, California",4861,"Census Tract 159, San Francisco County, California",853
G0600750016000,2020-2024,CA,,,California,06,San Francisco County,075,,,016000,,,,,,,,,,,,,,,,,,,,,,,1400000US06075016000,,,06075016000,"Census Tract 160, San Francisco County, California",2892,"Census Tract 160, San Francisco County, California",538
G0600750016101,2020-2024,CA,,,California,06,San Francisco County,075,,,016101,,,,,,,,,,,,,,,,,,,,,,,1400000US06075016101,,,06075016101,"Census Tract 161.01, San Francisco County, California",2426,"Census Tract 161.01, San Francisco County, California",506
G0600750016102,2020-2024,CA,,,California,06,San Francisco County,075,,,016102,,,,,,,,,,,,,,,,,,,,,,,1400000US06075016102,,,06075016102,"Census Tract 161.02, San Francisco County, California",2989,"Census Tract 161.02, San Francisco County, California",494
G0600750016200,2020-2024,CA,,,California,06,San Francisco County,075,,,016200,,,,,,,,,,,,,,,,,,,,,,,1400000US06075016200,,,06075016200,"Census Tract 162, San Francisco County, California",3209,"Census Tract 162, San Francisco County, California",583
G0600750016300,2020-2024,CA,,,California,06,San Francisco County,075,,,016300,,,,,,,,,,,,,,,,,,,,,,,1400000US06075016300,,,06075016300,"Census Tract 163, San Francisco County, California",3925,"Census Tract 163, San Francisco County, California",583
G0600750016400,2020-2024,CA,,,California,06,San Francisco County,075,,,016400,,,,,,,,,,,,,,,,,,,,,,,1400000US06075016400,,,06075016400,"Census Tract 164, San Francisco County, California",3571,"Census Tract 164, San Francisco County, California",656
G0600750016500,2020-2024,CA,,,California,06,San Francisco County,075,,,016500,,,,,,,,,,,,,,,,,,,,,,,1400000US06075016500,,,06075016500,"Census Tract 165, San Francisco County, California",5206,"Census Tract 165, San Francisco County, California",674
G0600750016601,2020-2024,CA,,,California,06,San Francisco County,075,,,016601,,,,,,,,,,,,,,,,,,,,,,,1400000US06075016601,,,06075016601,"Census Tract 166.01, San Francisco County, California",2836,"Census Tract 166.01, San Francisco County, California",484
G0600750016602,2020-2024,CA,,,California,06,San Francisco County,075,,,016602,,,,,,,,,,,,,,,,,,,,,,,1400000US06075016602,,,06075016602,"Census Tract 166.02, San Francisco County, California",1912,"Census Tract 166.02, San Francisco County, California",422
G0600750016700,2020-2024,CA,,,California,06,San Francisco County,075,,,016700,,,,,,,,,,,,,,,,,,,,,,,1400000US06075016700,,,06075016700,"Census Tract 167, San Francisco County, California",4852,"Census Tract 167, San Francisco County, California",761
G0600750016801,2020-2024,CA,,,California,06,San Francisco County,075,,,016801,,,,,,,,,,,,,,,,,,,,,,,1400000US06075016801,,,06075016801,"Census Tract 168.01, San Francisco County, California",4223,"Census Tract 168.01, San Francisco County, California",472
G0600750016802,2020-2024,CA,,,California,06,San Francisco County,075,,,016802,,,,,,,,,,,,,,,,,,,,,,,1400000US06075016802,,,06075016802,"Census Tract 168.02, San Francisco County, California",3943,"Census Tract 168.02, San Francisco County, California",677
G0600750016900,2020-2024,CA,,,California,06,San Francisco County,075,,,016900,,,,,,,,,,,,,,,,,,,,,,,1400000US06075016900,,,06075016900,"Census Tract 169, San Francisco County, California",2889,"Census Tract 169, San Francisco County, California",469
G0600750017000,2020-2024,CA,,,California,06,San Francisco County,075,,,017000,,,,,,,,,,,,,,,,,,,,,,,1400000US06075017000,,,06075017000,"Census Tract 170, San Francisco County, California",4061,"Census Tract 170, San Francisco County, California",536
G0600750017101,2020-2024,CA,,,California,06,San Francisco County,075,,,017101,,,,,,,,,,,,,,,,,,,,,,,1400000US06075017101,,,06075017101,"Census Tract 171.01, San Francisco County, California",4003,"Census Tract 171.01, San Francisco County, California",561
G0600750017102,2020-2024,CA,,,California,06,San Francisco County,075,,,017102,,,,,,,,,,,,,,,,,,,,,,,1400000US06075017102,,,06075017102,"Census Tract 171.02, San Francisco County, California",3165,"Census Tract 171.02, San Francisco County, California",368
G0600750017602,2020-2024,CA,,,California,06,San Francisco County,075,,,017602,,,,,,,,,,,,,,,,,,,,,,,1400000US06075017602,,,06075017602,"Census Tract 176.02, San Francisco County, California",3560,"Census Tract 176.02, San Francisco County, California",850
G0600750017603,2020-2024,CA,,,California,06,San Francisco County,075,,,017603,,,,,,,,,,,,,,,,,,,,,,,1400000US06075017603,,,06075017603,"Census Tract 176.03, San Francisco County, California",4964,"Census Tract 176.03, San Francisco County, California",607
G0600750017604,2020-2024,CA,,,California,06,San Francisco County,075,,,017604,,,,,,,,,,,,,,,,,,,,,,,1400000US06075017604,,,06075017604,"Census Tract 176.04, San Francisco County, California",3965,"Census Tract 176.04, San Francisco County, California",401
G0600750017700,2020-2024,CA,,,California,06,San Francisco County,075,,,017700,,,,,,,,,,,,,,,,,,,,,,,1400000US06075017700,,,06075017700,"Census Tract 177, San Francisco County, California",2946,"Census Tract 177, San Francisco County, California",349
G0600750017801,2020-2024,CA,,,California,06,San Francisco County,075,,,017801,,,,,,,,,,,,,,,,,,,,,,,1400000US06075017801,,,06075017801,"Census Tract 178.01, San Francisco County, California",3019,"Census Tract 178.01, San Francisco County, California",383
G0600750017803,2020-2024,CA,,,California,06,San Francisco County,075,,,017803,,,,,,,,,,,,,,,,,,,,,,,1400000US06075017803,,,06075017803,"Census Tract 178.03, San Francisco County, California",2415,"Census Tract 178.03, San Francisco County, California",484
G0600750017804,2020-2024,CA,,,California,06,San Francisco County,075,,,017804,,,,,,,,,,,,,,,,,,,,,,,1400000US06075017804,,,06075017804,"Census Tract 178.04, San Francisco County, California",4380,"Census Tract 178.04, San Francisco County, California",596
G0600750017903,2020-2024,CA,,,California,06,San Francisco County,075,,,017903,,,,,,,,,,,,,,,,,,,,,,,1400000US06075017903,,,06075017903,"Census Tract 179.03, San Francisco County, California",2429,"Census Tract 179.03, San Francisco County, California",417
G0600750018000,2020-2024,CA,,,California,06,San Francisco County,075,,,018000,,,,,,,,,,,,,,,,,,,,,,,1400000US06075018000,,,06075018000,"Census Tract 180, San Francisco County, California",3492,"Census Tract 180, San Francisco County, California",639
G0600750020101,2020-2024,CA,,,California,06,San Francisco County,075,,,020101,,,,,,,,,,,,,,,,,,,,,,,1400000US06075020101,,,06075020101,"Census Tract 201.01, San Francisco County, California",3943,"Census Tract 201.01, San Francisco County, California",655
G0600750020102,2020-2024,CA,,,California,06,San Francisco County,075,,,020102,,,,,,,,,,,,,,,,,,,,,,,1400000US06075020102,,,06075020102,"Census Tract 201.02, San Francisco County, California",3463,"Census Tract 201.02, San Francisco County, California",874
G0600750020201,2020-2024,CA,,,California,06,San Francisco County,075,,,020201,,,,,,,,,,,,,,,,,,,,,,,1400000US06075020201,,,06075020201,"Census Tract 202.01, San Francisco County, California",1905,"Census Tract 202.01, San Francisco County, California",369
G0600750020202,2020-2024,CA,,,California,06,San Francisco County,075,,,020202,,,,,,,,,,,,,,,,,,,,,,,1400000US06075020202,,,06075020202,"Census Tract 202.02, San Francisco County, California",3979,"Census Tract 202.02, San Francisco County, California",529
G0600750020300,2020-2024,CA,,,California,06,San Francisco County,075,,,020300,,,,,,,,,,,,,,,,,,,,,,,1400000US06075020300,,,06075020300,"Census Tract 203, San Francisco County, California",3419,"Census Tract 203, San Francisco County, California",507
G0600750020401,2020-2024,CA,,,California,06,San Francisco County,075,,,020401,,,,,,,,,,,,,,,,,,,,,,,1400000US06075020401,,,06075020401,"Census Tract 204.01, San Francisco County, California",3400,"Census Tract 204.01, San Francisco County, California",358
G0600750020402,2020-2024,CA,,,California,06,San Francisco County,075,,,020402,,,,,,,,,,,,,,,,,,,,,,,1400000US06075020402,,,06075020402,"Census Tract 204.02, San Francisco County, California",4061,"Census Tract 204.02, San Francisco County, California",481
G0600750020500,2020-2024,CA,,,California,06,San Francisco County,075,,,020500,,,,,,,,,,,,,,,,,,,,,,,1400000US06075020500,,,06075020500,"Census Tract 205, San Francisco County, California",2789,"Census Tract 205, San Francisco County, California",453
G0600750020601,2020-2024,CA,,,California,06,San Francisco County,075,,,020601,,,,,,,,,,,,,,,,,,,,,,,1400000US06075020601,,,06075020601,"Census Tract 206.01, San Francisco County, California",3007,"Census Tract 206.01, San Francisco County, California",504
G0600750020602,2020-2024,CA,,,California,06,San Francisco County,075,,,020602,,,,,,,,,,,,,,,,,,,,,,,1400000US06075020602,,,06075020602,"Census Tract 206.02, San Francisco County, California",2379,"Census Tract 206.02, San Francisco County, California",445
G0600750020701,2020-2024,CA,,,California,06,San Francisco County,075,,,020701,,,,,,,,,,,,,,,,,,,,,,,1400000US06075020701,,,06075020701,"Census Tract 207.01, San Francisco County, California",3357,"Census Tract 207.01, San Francisco County, California",591
G0600750020702,2020-2024,CA,,,California,06,San Francisco County,075,,,020702,,,,,,,,,,,,,,,,,,,,,,,1400000US06075020702,,,06075020702,"Census Tract 207.02, San Francisco County, California",1995,"Census Tract 207.02, San Francisco County, California",243
G0600750020801,2020-2024,CA,,,California,06,San Francisco County,075,,,020801,,,,,,,,,,,,,,,,,,,,,,,1400000US06075020801,,,06075020801,"Census Tract 208.01, San Francisco County, California",3767,"Census Tract 208.01, San Francisco County, California",762
G0600750020802,2020-2024,CA,,,California,06,San Francisco County,075,,,020802,,,,,,,,,,,,,,,,,,,,,,,1400000US06075020802,,,06075020802,"Census Tract 208.02, San Francisco County, California",2188,"Census Tract 208.02, San Francisco County, California",450
G0600750020900,2020-2024,CA,,,California,06,San Francisco County,075,,,020900,,,,,,,,,,,,,,,,,,,,,,,1400000US06075020900,,,06075020900,"Census Tract 209, San Francisco County, California",3746,"Census Tract 209, San Francisco County, California",727
G0600750021000,2020-2024,CA,,,California,06,San Francisco County,075,,,021000,,,,,,,,,,,,,,,,,,,,,,,1400000US06075021000,,,06075021000,"Census Tract 210, San Francisco County, California",3609,"Census Tract 210, San Francisco County, California",647
G0600750021100,2020-2024,CA,,,California,06,San Francisco County,075,,,021100,,,,,,,,,,,,,,,,,,,,,,,1400000US06075021100,,,06075021100,"Census Tract 211, San Francisco County, California",4086,"Census Tract 211, San Francisco County, California",405
G0600750021200,2020-2024,CA,,,California,06,San Francisco County,075,,,021200,,,,,,,,,,,,,,,,,,,,,,,1400000US06075021200,,,06075021200,"Census Tract 212, San Francisco County, California",2917,"Census Tract 212, San Francisco County, California",364
G0600750021300,2020-2024,CA,,,California,06,San Francisco County,075,,,021300,,,,,,,,,,,,,,,,,,,,,,,1400000US06075021300,,,06075021300,"Census Tract 213, San Francisco County, California",2427,"Census Tract 213, San Francisco County, California",448
G0600750021400,2020-2024,CA,,,California,06,San Francisco County,075,,,021400,,,,,,,,,,,,,,,,,,,,,,,1400000US06075021400,,,06075021400,"Census Tract 214, San Francisco County, California",3460,"Census Tract 214, San Francisco County, California",382
G0600750021500,2020-2024,CA,,,California,06,San Francisco County,075,,,021500,,,,,,,,,,,,,,,,,,,,,,,1400000US06075021500,,,06075021500,"Census Tract 215, San Francisco County, California",5181,"Census Tract 215, San Francisco County, California",685
G0600750021600,2020-2024,CA,,,California,06,San Francisco County,075,,,021600,,,,,,,,,,,,,,,,,,,,,,,1400000US06075021600,,,06075021600,"Census Tract 216, San Francisco County, California",4531,"Census Tract 216, San Francisco County, California",572
G0600750021700,2020-2024,CA,,,California,06,San Francisco County,075,,,021700,,,,,,,,,,,,,,,,,,,,,,,1400000US06075021700,,,06075021700,"Census Tract 217, San Francisco County, California",4432,"Census Tract 217, San Francisco County, California",643
G0600750021800,2020-2024,CA,,,California,06,San Francisco County,075,,,021800,,,,,,,,,,,,,,,,,,,,,,,1400000US06075021800,,,06075021800,"Census Tract 218, San Francisco County, California",4208,"Census Tract 218, San Francisco County, California",502
G0600750022600,2020-2024,CA,,,California,06,San Francisco County,075,,,022600,,,,,,,,,,,,,,,,,,,,,,,1400000US06075022600,,,06075022600,"Census Tract 226, San Francisco County, California",4452,"Census Tract 226, San Francisco County, California",435
G0600750022702,2020-2024,CA,,,California,06,San Francisco County,075,,,022702,,,,,,,,,,,,,,,,,,,,,,,1400000US06075022702,,,06075022702,"Census Tract 227.02, San Francisco County, California",1960,"Census Tract 227.02, San Francisco County, California",374
G0600750022704,2020-2024,CA,,,California,06,San Francisco County,075,,,022704,,,,,,,,,,,,,,,,,,,,,,,1400000US06075022704,,,06075022704,"Census Tract 227.04, San Francisco County, California",4026,"Census Tract 227.04, San Francisco County, California",527
G0600750022801,2020-2024,CA,,,California,06,San Francisco County,075,,,022801,,,,,,,,,,,,,,,,,,,,,,,1400000US06075022801,,,06075022801,"Census Tract 228.01, San Francisco County, California",4765,"Census Tract 228.01, San Francisco County, California",944
G0600750022802,2020-2024,CA,,,California,06,San Francisco County,075,,,022802,,,,,,,,,,,,,,,,,,,,,,,1400000US06075022802,,,06075022802,"Census Tract 228.02, San Francisco County, California",2103,"Census Tract 228.02, San Francisco County, California",255
G0600750022803,2020-2024,CA,,,California,06,San Francisco County,075,,,022803,,,,,,,,,,,,,,,,,,,,,,,1400000US06075022803,,,06075022803,"Census Tract 228.03, San Francisco County, California",4117,"Census Tract 228.03, San Francisco County, California",627
G0600750022901,2020-2024,CA,,,California,06,San Francisco County,075,,,022901,,,,,,,,,,,,,,,,,,,,,,,1400000US06075022901,,,06075022901,"Census Tract 229.01, San Francisco County, California",4542,"Census Tract 229.01, San Francisco County, California",646
G0600750022902,2020-2024,CA,,,California,06,San Francisco County,075,,,022902,,,,,,,,,,,,,,,,,,,,,,,1400000US06075022902,,,06075022902,"Census Tract 229.02, San Francisco County, California",1891,"Census Tract 229.02, San Francisco County, California",255
G0600750022903,2020-2024,CA,,,California,06,San Francisco County,075,,,022903,,,,,,,,,,,,,,,,,,,,,,,1400000US06075022903,,,06075022903,"Census Tract 229.03, San Francisco County, California",2798,"Census Tract 229.03, San Francisco County, California",543
G0600750023001,2020-2024,CA,,,California,06,San Francisco County,075,,,023001,,,,,,,,,,,,,,,,,,,,,,,1400000US06075023001,,,06075023001,"Census Tract 230.01, San Francisco County, California",5108,"Census Tract 230.01, San Francisco County, California",785
G0600750023003,2020-2024,CA,,,California,06,San Francisco County,075,,,023003,,,,,,,,,,,,,,,,,,,,,,,1400000US06075023003,,,06075023003,"Census Tract 230.03, San Francisco County, California",3812,"Census Tract 230.03, San Francisco County, California",447
G0600750023102,2020-2024,CA,,,California,06,San Francisco County,075,,,023102,,,,,,,,,,,,,,,,,,,,,,,1400000US06075023102,,,06075023102,"Census Tract 231.02, San Francisco County, California",3231,"Census Tract 231.02, San Francisco County, California",709
G0600750023103,2020-2024,CA,,,California,06,San Francisco County,075,,,023103,,,,,,,,,,,,,,,,,,,,,,,1400000US06075023103,,,06075023103,"Census Tract 231.03, San Francisco County, California",4545,"Census Tract 231.03, San Francisco County, California",645
G0600750023200,2020-2024,CA,,,California,06,San Francisco County,075,,,023200,,,,,,,,,,,,,,,,,,,,,,,1400000US06075023200,,,06075023200,"Census Tract 232, San Francisco County, California",3570,"Census Tract 232, San Francisco County, California",739
G0600750023300,2020-2024,CA,,,California,06,San Francisco County,075,,,023300,,,,,,,,,,,,,,,,,,,,,,,1400000US06075023300,,,06075023300,"Census Tract 233, San Francisco County, California",3818,"Census Tract 233, San Francisco County, California",517
G0600750023400,2020-2024,CA,,,California,06,San Francisco County,075,,,023400,,,,,,,,,,,,,,,,,,,,,,,1400000US06075023400,,,06075023400,"Census Tract 234, San Francisco County, California",3536,"Census Tract 234, San Francisco County, California",794
G0600750025100,2020-2024,CA,,,California,06,San Francisco County,075,,,025100,,,,,,,,,,,,,,,,,,,,,,,1400000US06075025100,,,06075025100,"Census Tract 251, San Francisco County, California",3504,"Census Tract 251, San Francisco County, California",580
G0600750025200,2020-2024,CA,,,California,06,San Francisco County,075,,,025200,,,,,,,,,,,,,,,,,,,,,,,1400000US06075025200,,,06075025200,"Census Tract 252, San Francisco County, California",5415,"Census Tract 252, San Francisco County, California",686
G0600750025300,2020-2024,CA,,,California,06,San Francisco County,075,,,025300,,,,,,,,,,,,,,,,,,,,,,,1400000US06075025300,,,06075025300,"Census Tract 253, San Francisco County, California",4302,"Census Tract 253, San Francisco County, California",931
G0600750025401,2020-2024,CA,,,California,06,San Francisco County,075,,,025401,,,,,,,,,,,,,,,,,,,,,,,1400000US06075025401,,,06075025401,"Census Tract 254.01, San Francisco County, California",3567,"Census Tract 254.01, San Francisco County, California",674
G0600750025402,2020-2024,CA,,,California,06,San Francisco County,075,,,025402,,,,,,,,,,,,,,,,,,,,,,,1400000US06075025402,,,06075025402,"Census Tract 254.02, San Francisco County, California",2901,"Census Tract 254.02, San Francisco County, California",712
G0600750025403,2020-2024,CA,,,California,06,San Francisco County,075,,,025403,,,,,,,,,,,,,,,,,,,,,,,1400000US06075025403,,,06075025403,"Census Tract 254.03, San Francisco County, California",4410,"Census Tract 254.03, San Francisco County, California",649
G0600750025501,2020-2024,CA,,,California,06,San Francisco County,075,,,025501,,,,,,,,,,,,,,,,,,,,,,,1400000US06075025501,,,06075025501,"Census Tract 255.01, San Francisco County, California",4235,"Census Tract 255.01, San Francisco County, California",1414
G0600750025502,2020-2024,CA,,,California,06,San Francisco County,075,,,025502,,,,,,,,,,,,,,,,,,,,,,,1400000US06075025502,,,06075025502,"Census Tract 255.02, San Francisco County, California",3739,"Census Tract 255.02, San Francisco County, California",624
G0600750025600,2020-2024,CA,,,California,06,San Francisco County,075,,,025600,,,,,,,,,,,,,,,,,,,,,,,1400000US06075025600,,,06075025600,"Census Tract 256, San Francisco County, California",5419,"Census Tract 256, San Francisco County, California",673
G0600750025701,2020-2024,CA,,,California,06,San Francisco County,075,,,025701,,,,,,,,,,,,,,,,,,,,,,,1400000US06075025701,,,06075025701,"Census Tract 257.01, San Francisco County, California",4604,"Census Tract 257.01, San Francisco County, California",929
G0600750025702,2020-2024,CA,,,California,06,San Francisco County,075,,,025702,,,,,,,,,,,,,,,,,,,,,,,1400000US06075025702,,,06075025702,"Census Tract 257.02, San Francisco County, California",4545,"Census Tract 257.02, San Francisco County, California",570
G0600750025800,2020-2024,CA,,,California,06,San Francisco County,075,,,025800,,,,,,,,,,,,,,,,,,,,,,,1400000US06075025800,,,06075025800,"Census Tract 258, San Francisco County, California",1603,"Census Tract 258, San Francisco County, California",374
G0600750025900,2020-2024,CA,,,California,06,San Francisco County,075,,,025900,,,,,,,,,,,,,,,,,,,,,,,1400000US06075025900,,,06075025900,"Census Tract 259, San Francisco County, California",4034,"Census Tract 259, San Francisco County, California",566
G0600750026001,2020-2024,CA,,,California,06,San Francisco County,075,,,026001,,,,,,,,,,,,,,,,,,,,,,,1400000US06075026001,,,06075026001,"Census Tract 260.01, San Francisco County, California",5625,"Census Tract 260.01, San Francisco County, California",945
G0600750026002,2020-2024,CA,,,California,06,San Francisco County,075,,,026002,,,,,,,,,,,,,,,,,,,,,,,1400000US06075026002,,,06075026002,"Census Tract 260.02, San Francisco County, California",3641,"Census Tract 260.02, San Francisco County, California",389
G0600750026003,2020-2024,CA,,,California,06,San Francisco County,075,,,026003,,,,,,,,,,,,,,,,,,,,,,,1400000US06075026003,,,06075026003,"Census Tract 260.03, San Francisco County, California",4639,"Census Tract 260.03, San Francisco County, California",639
G0600750026004,2020-2024,CA,,,California,06,San Francisco County,075,,,026004,,,,,,,,,,,,,,,,,,,,,,,1400000US06075026004,,,06075026004,"Census Tract 260.04, San Francisco County, California",3840,"Census Tract 260.04, San Francisco County, California",421
G0600750026100,2020-2024,CA,,,California,06,San Francisco County,075,,,026100,,,,,,,,,,,,,,,,,,,,,,,1400000US06075026100,,,06075026100,"Census Tract 261, San Francisco County, California",6811,"Census Tract 261, San Francisco County, California",906
G0600750026201,2020-2024,CA,,,California,06,San Francisco County,075,,,026201,,,,,,,,,,,,,,,,,,,,,,,1400000US06075026201,,,06075026201,"Census Tract 262.01, San Francisco County, California",3856,"Census Tract 262.01, San Francisco County, California",496
G0600750026202,2020-2024,CA,,,California,06,San Francisco County,075,,,026202,,,,,,,,,,,,,,,,,,,,,,,1400000US06075026202,,,06075026202,"Census Tract 262.02, San Francisco County, California",3706,"Census Tract 262.02, San Francisco County, California",635
G0600750026301,2020-2024,CA,,,California,06,San Francisco County,075,,,026301,,,,,,,,,,,,,,,,,,,,,,,1400000US06075026301,,,06075026301,"Census Tract 263.01, San Francisco County, California",5019,"Census Tract 263.01, San Francisco County, California",755
G0600750026302,2020-2024,CA,,,California,06,San Francisco County,075,,,026302,,,,,,,,,,,,,,,,,,,,,,,1400000US06075026302,,,06075026302,"Census Tract 263.02, San Francisco County, California",4302,"Census Tract 263.02, San Francisco County, California",572
G0600750026303,2020-2024,CA,,,California,06,San Francisco County,075,,,026303,,,,,,,,,,,,,,,,,,,,,,,1400000US06075026303,,,06075026303,"Census Tract 263.03, San Francisco County, California",4600,"Census Tract 263.03, San Francisco County, California",636
G0600750026401,2020-2024,CA,,,California,06,San Francisco County,075,,,026401,,,,,,,,,,,,,,,,,,,,,,,1400000US06075026401,,,06075026401,"Census Tract 264.01, San Francisco County, California",3194,"Census Tract 264.01, San Francisco County, California",498
G0600750026402,2020-2024,CA,,,California,06,San Francisco County,075,,,026402,,,,,,,,,,,,,,,,,,,,,,,1400000US06075026402,,,06075026402,"Census Tract 264.02, San Francisco County, California",4660,"Census Tract 264.02, San Francisco County, California",1346
G0600750026403,2020-2024,CA,,,California,06,San Francisco County,075,,,026403,,,,,,,,,,,,,,,,,,,,,,,1400000US06075026403,,,06075026403,"Census Tract 264.03, San Francisco County, California",3685,"Census Tract 264.03, San Francisco County, California",594
G0600750026404,2020-2024,CA,,,California,06,San Francisco County,075,,,026404,,,,,,,,,,,,,,,,,,,,,,,1400000US06075026404,,,06075026404,"Census Tract 264.04, San Francisco County, California",2422,"Census Tract 264.04, San Francisco County, California",294
G0600750030101,2020-2024,CA,,,California,06,San Francisco County,075,,,030101,,,,,,,,,,,,,,,,,,,,,,,1400000US06075030101,,,06075030101,"Census Tract 301.01, San Francisco County, California",4389,"Census Tract 301.01, San Francisco County, California",666
G0600750030102,2020-2024,CA,,,California,06,San Francisco County,075,,,030102,,,,,,,,,,,,,,,,,,,,,,,1400000US06075030102,,,06075030102,"Census Tract 301.02, San Francisco County, California",5120,"Census Tract 301.02, San Francisco County, California",413
G0600750030201,2020-2024,CA,,,California,06,San Francisco County,075,,,030201,,,,,,,,,,,,,,,,,,,,,,,1400000US06075030201,,,06075030201,"Census Tract 302.01, San Francisco County, California",3841,"Census Tract 302.01, San Francisco County, California",649
G0600750030202,2020-2024,CA,,,California,06,San Francisco County,075,,,030202,,,,,,,,,,,,,,,,,,,,,,,1400000US06075030202,,,06075030202,"Census Tract 302.02, San Francisco County, California",4082,"Census Tract 302.02, San Francisco County, California",614
G0600750030301,2020-2024,CA,,,California,06,San Francisco County,075,,,030301,,,,,,,,,,,,,,,,,,,,,,,1400000US06075030301,,,06075030301,"Census Tract 303.01, San Francisco County, California",6160,"Census Tract 303.01, San Francisco County, California",745
G0600750030302,2020-2024,CA,,,California,06,San Francisco County,075,,,030302,,,,,,,,,,,,,,,,,,,,,,,1400000US06075030302,,,06075030302,"Census Tract 303.02, San Francisco County, California",3552,"Census Tract 303.02, San Francisco County, California",398
G0600750030400,2020-2024,CA,,,California,06,San Francisco County,075,,,030400,,,,,,,,,,,,,,,,,,,,,,,1400000US06075030400,,,06075030400,"Census Tract 304, San Francisco County, California",5116,"Census Tract 304, San Francisco County, California",523
G0600750030500,2020-2024,CA,,,California,06,San Francisco County,075,,,030500,,,,,,,,,,,,,,,,,,,,,,,1400000US06075030500,,,06075030500,"Census Tract 305, San Francisco County, California",3641,"Census Tract 305, San Francisco County, California",393
G0600750030600,2020-2024,CA,,,California,06,San Francisco County,075,,,030600,,,,,,,,,,,,,,,,,,,,,,,1400000US06075030600,,,06075030600,"Census Tract 306, San Francisco County, California",2258,"Census Tract 306, San Francisco County, California",318
G0600750030700,2020-2024,CA,,,California,06,San Francisco County,075,,,030700,,,,,,,,,,,,,,,,,,,,,,,1400000US06075030700,,,06075030700,"Census Tract 307, San Francisco County, California",6624,"Census Tract 307, San Francisco County, California",586
G0600750030800,2020-2024,CA,,,California,06,San Francisco County,075,,,030800,,,,,,,,,,,,,,,,,,,,,,,1400000US06075030800,,,06075030800,"Census Tract 308, San Francisco County, California",5694,"Census Tract 308, San Francisco County, California",1153
G0600750030900,2020-2024,CA,,,California,06,San Francisco County,075,,,030900,,,,,,,,,,,,,,,,,,,,,,,1400000US06075030900,,,06075030900,"Census Tract 309, San Francisco County, California",6548,"Census Tract 309, San Francisco County, California",904
G0600750031000,2020-2024,CA,,,California,06,San Francisco County,075,,,031000,,,,,,,,,,,,,,,,,,,,,,,1400000US06075031000,,,06075031000,"Census Tract 310, San Francisco County, California",4374,"Census Tract 310, San Francisco County, California",555
G0600750031100,2020-2024,CA,,,California,06,San Francisco County,075,,,031100,,,,,,,,,,,,,,,,,,,,,,,1400000US06075031100,,,06075031100,"Census Tract 311, San Francisco County, California",6073,"Census Tract 311, San Francisco County, California",901
G0600750031201,2020-2024,CA,,,California,06,San Francisco County,075,,,031201,,,,,,,,,,,,,,,,,,,,,,,1400000US06075031201,,,06075031201,"Census Tract 312.01, San Francisco County, California",6176,"Census Tract 312.01, San Francisco County, California",1173
G0600750031202,2020-2024,CA,,,California,06,San Francisco County,075,,,031202,,,,,,,,,,,,,,,,,,,,,,,1400000US06075031202,,,06075031202,"Census Tract 312.02, San Francisco County, California",2869,"Census Tract 312.02, San Francisco County, California",408
G0600750031301,2020-2024,CA,,,California,06,San Francisco County,075,,,031301,,,,,,,,,,,,,,,,,,,,,,,1400000US06075031301,,,06075031301,"Census Tract 313.01, San Francisco County, California",3697,"Census Tract 313.01, San Francisco County, California",590
G0600750031302,2020-2024,CA,,,California,06,San Francisco County,075,,,031302,,,,,,,,,,,,,,,,,,,,,,,1400000US06075031302,,,06075031302,"Census Tract 313.02, San Francisco County, California",4890,"Census Tract 313.02, San Francisco County, California",533
G0600750031401,2020-2024,CA,,,California,06,San Francisco County,075,,,031401,,,,,,,,,,,,,,,,,,,,,,,1400000US06075031401,,,06075031401,"Census Tract 314.01, San Francisco County, California",2533,"Census Tract 314.01, San Francisco County, California",396
G0600750031402,2020-2024,CA,,,California,06,San Francisco County,075,,,031402,,,,,,,,,,,,,,,,,,,,,,,1400000US06075031402,,,06075031402,"Census Tract 314.02, San Francisco County, California",4199,"Census Tract 314.02, San Francisco County, California",697
G0600750032601,2020-2024,CA,,,California,06,San Francisco County,075,,,032601,,,,,,,,,,,,,,,,,,,,,,,1400000US06075032601,,,06075032601,"Census Tract 326.01, San Francisco County, California",4338,"Census Tract 326.01, San Francisco County, California",597
G0600750032602,2020-2024,CA,,,California,06,San Francisco County,075,,,032602,,,,,,,,,,,,,,,,,,,,,,,1400000US06075032602,,,06075032602,"Census Tract 326.02, San Francisco County, California",4118,"Census Tract 326.02, San Francisco County, California",522
G0600750032700,2020-2024,CA,,,California,06,San Francisco County,075,,,032700,,,,,,,,,,,,,,,,,,,,,,,1400000US06075032700,,,06075032700,"Census Tract 327, San Francisco County, California",6573,"Census Tract 327, San Francisco County, California",909
G0600750032801,2020-2024,CA,,,California,06,San Francisco County,075,,,032801,,,,,,,,,,,,,,,,,,,,,,,1400000US06075032801,,,06075032801,"Census Tract 328.01, San Francisco County, California",4021,"Census Tract 328.01, San Francisco County, California",778
G0600750032802,2020-2024,CA,,,California,06,San Francisco County,075,,,032802,,,,,,,,,,,,,,,,,,,,,,,1400000US06075032802,,,06075032802,"Census Tract 328.02, San Francisco County, California",4268,"Census Tract 328.02, San Francisco County, California",750
G0600750032901,2020-2024,CA,,,California,06,San Francisco County,075,,,032901,,,,,,,,,,,,,,,,,,,,,,,1400000US06075032901,,,06075032901,"Census Tract 329.01, San Francisco County, California",6013,"Census Tract 329.01, San Francisco County, California",770
G0600750032902,2020-2024,CA,,,California,06,San Francisco County,075,,,032902,,,,,,,,,,,,,,,,,,,,,,,1400000US06075032902,,,06075032902,"Census Tract 329.02, San Francisco County, California",3720,"Census Tract 329.02, San Francisco County, California",784
G0600750033001,2020-2024,CA,,,California,06,San Francisco County,075,,,033001,,,,,,,,,,,,,,,,,,,,,,,1400000US06075033001,,,06075033001,"Census Tract 330.01, San Francisco County, California",3911,"Census Tract 330.01, San Francisco County, California",589
G0600750033002,2020-2024,CA,,,California,06,San Francisco County,075,,,033002,,,,,,,,,,,,,,,,,,,,,,,1400000US06075033002,,,06075033002,"Census Tract 330.02, San Francisco County, California",4015,"Census Tract 330.02, San Francisco County, California",542
G0600750033100,2020-2024,CA,,,California,06,San Francisco County,075,,,033100,,,,,,,,,,,,,,,,,,,,,,,1400000US06075033100,,,06075033100,"Census Tract 331, San Francisco County, California",3755,"Census Tract 331, San Francisco County, California",489
G0600750033201,2020-2024,CA,,,California,06,San Francisco County,075,,,033201,,,,,,,,,,,,,,,,,,,,,,,1400000US06075033201,,,06075033201,"Census Tract 332.01, San Francisco County, California",3316,"Census Tract 332.01, San Francisco County, California",429
G0600750033203,2020-2024,CA,,,California,06,San Francisco County,075,,,033203,,,,,,,,,,,,,,,,,,,,,,,1400000US06075033203,,,06075033203,"Census Tract 332.03, San Francisco County, California",2895,"Census Tract 332.03, San Francisco County, California",490
G0600750033204,2020-2024,CA,,,California,06,San Francisco County,075,,,033204,,,,,,,,,,,,,,,,,,,,,,,1400000US06075033204,,,06075033204,"Census Tract 332.04, San Francisco County, California",3816,"Census Tract 332.04, San Francisco County, California",702
G0600750035101,2020-2024,CA,,,California,06,San Francisco County,075,,,035101,,,,,,,,,,,,,,,,,,,,,,,1400000US06075035101,,,06075035101,"Census Tract 351.01, San Francisco County, California",3748,"Census Tract 351.01, San Francisco County, California",941
G0600750035102,2020-2024,CA,,,California,06,San Francisco County,075,,,035102,,,,,,,,,,,,,,,,,,,,,,,1400000US06075035102,,,06075035102,"Census Tract 351.02, San Francisco County, California",3755,"Census Tract 351.02, San Francisco County, California",479
G0600750035201,2020-2024,CA,,,California,06,San Francisco County,075,,,035201,,,,,,,,,,,,,,,,,,,,,,,1400000US06075035201,,,06075035201,"Census Tract 352.01, San Francisco County, California",5020,"Census Tract 352.01, San Francisco County, California",792
G0600750035202,2020-2024,CA,,,California,06,San Francisco County,075,,,035202,,,,,,,,,,,,,,,,,,,,,,,1400000US06075035202,,,06075035202,"Census Tract 352.02, San Francisco County, California",4188,"Census Tract 352.02, San Francisco County, California",677
G0600750035300,2020-2024,CA,,,California,06,San Francisco County,075,,,035300,,,,,,,,,,,,,,,,,,,,,,,1400000US06075035300,,,06075035300,"Census Tract 353, San Francisco County, California",6525,"Census Tract 353, San Francisco County, California",739
G0600750035400,2020-2024,CA,,,California,06,San Francisco County,075,,,035400,,,,,,,,,,,,,,,,,,,,,,,1400000US06075035400,,,06075035400,"Census Tract 354, San Francisco County, California",7140,"Census Tract 354, San Francisco County, California",1424
G0600750040100,2020-2024,CA,,,California,06,San Francisco County,075,,,040100,,,,,,,,,,,,,,,,,,,,,,,1400000US06075040100,,,06075040100,"Census Tract 401, San Francisco County, California",4315,"Census Tract 401, San Francisco County, California",813
G0600750040200,2020-2024,CA,,,California,06,San Francisco County,075,,,040200,,,,,,,,,,,,,,,,,,,,,,,1400000US06075040200,,,06075040200,"Census Tract 402, San Francisco County, California",4719,"Census Tract 402, San Francisco County, California",690
G0600750042601,2020-2024,CA,,,California,06,San Francisco County,075,,,042601,,,,,,,,,,,,,,,,,,,,,,,1400000US06075042601,,,06075042601,"Census Tract 426.01, San Francisco County, California",4342,"Census Tract 426.01, San Francisco County, California",786
G0600750042602,2020-2024,CA,,,California,06,San Francisco County,075,,,042602,,,,,,,,,,,,,,,,,,,,,,,1400000US06075042602,,,06075042602,"Census Tract 426.02, San Francisco County, California",3202,"Census Tract 426.02, San Francisco County, California",389
G0600750042700,2020-2024,CA,,,California,06,San Francisco County,075,,,042700,,,,,,,,,,,,,,,,,,,,,,,1400000US06075042700,,,06075042700,"Census Tract 427, San Francisco County, California",5134,"Census Tract 427, San Francisco County, California",509
G0600750042800,2020-2024,CA,,,California,06,San Francisco County,075,,,042800,,,,,,,,,,,,,,,,,,,,,,,1400000US06075042800,,,06075042800,"Census Tract 428, San Francisco County, California",2471,"Census Tract 428, San Francisco County, California",235
G0600750045100,2020-2024,CA,,,California,06,San Francisco County,075,,,045100,,,,,,,,,,,,,,,,,,,,,,,1400000US06075045100,,,06075045100,"Census Tract 451, San Francisco County, California",4713,"Census Tract 451, San Francisco County, California",876
G0600750045201,2020-2024,CA,,,California,06,San Francisco County,075,,,045201,,,,,,,,,,,,,,,,,,,,,,,1400000US06075045201,,,06075045201,"Census Tract 452.01, San Francisco County, California",3045,"Census Tract 452.01, San Francisco County, California",309
G0600750045202,2020-2024,CA,,,California,06,San Francisco County,075,,,045202,,,,,,,,,,,,,,,,,,,,,,,1400000US06075045202,,,06075045202,"Census Tract 452.02, San Francisco County, California",3332,"Census Tract 452.02, San Francisco County, California",829
G0600750047600,2020-2024,CA,,,California,06,San Francisco County,075,,,047600,,,,,,,,,,,,,,,,,,,,,,,1400000US06075047600,,,06075047600,"Census Tract 476, San Francisco County, California",5098,"Census Tract 476, San Francisco County, California",782
G0600750047701,2020-2024,CA,,,California,06,San Francisco County,075,,,047701,,,,,,,,,,,,,,,,,,,,,,,1400000US06075047701,,,06075047701,"Census Tract 477.01, San Francisco County, California",4724,"Census Tract 477.01, San Francisco County, California",628
G0600750047702,2020-2024,CA,,,California,06,San Francisco County,075,,,047702,,,,,,,,,,,,,,,,,,,,,,,1400000US06075047702,,,06075047702,"Census Tract 477.02, San Francisco County, California",3135,"Census Tract 477.02, San Francisco County, California",497
G0600750047801,2020-2024,CA,,,California,06,San Francisco County,075,,,047801,,,,,,,,,,,,,,,,,,,,,,,1400000US06075047801,,,06075047801,"Census Tract 478.01, San Francisco County, California",4132,"Census Tract 478.01, San Francisco County, California",426
G0600750047802,2020-2024,CA,,,California,06,San Francisco County,075,,,047802,,,,,,,,,,,,,,,,,,,,,,,1400000US06075047802,,,06075047802,"Census Tract 478.02, San Francisco County, California",3581,"Census Tract 478.02, San Francisco County, California",650
G0600750047902,2020-2024,CA,,,California,06,San Francisco County,075,,,047902,,,,,,,,,,,,,,,,,,,,,,,1400000US06075047902,,,06075047902,"Census Tract 479.02, San Francisco County, California",3236,"Census Tract 479.02, San Francisco County, California",492
G0600750047903,2020-2024,CA,,,California,06,San Francisco County,075,,,047903,,,,,,,,,,,,,,,,,,,,,,,1400000US06075047903,,,06075047903,"Census Tract 479.03, San Francisco County, California",3348,"Census Tract 479.03, San Francisco County, California",596
G0600750047904,2020-2024,CA,,,California,06,San Francisco County,075,,,047904,,,,,,,,,,,,,,,,,,,,,,,1400000US06075047904,,,06075047904,"Census Tract 479.04, San Francisco County, California",3077,"Census Tract 479.04, San Francisco County, California",635
G0600750060100,2020-2024,CA,,,California,06,San Francisco County,075,,,060100,,,,,,,,,,,,,,,,,,,,,,,1400000US06075060100,,,06075060100,"Census Tract 601, San Francisco County, California",3901,"Census Tract 601, San Francisco County, California",645
G0600750060400,2020-2024,CA,,,California,06,San Francisco County,075,,,060400,,,,,,,,,,,,,,,,,,,,,,,1400000US06075060400,,,06075060400,"Census Tract 604, San Francisco County, California",1935,"Census Tract 604, San Francisco County, California",413
G0600750060502,2020-2024,CA,,,California,06,San Francisco County,075,,,060502,,,,,,,,,,,,,,,,,,,,,,,1400000US06075060502,,,06075060502,"Census Tract 605.02, San Francisco County, California",2595,"Census Tract 605.02, San Francisco County, California",526
G0600750060701,2020-2024,CA,,,California,06,San Francisco County,075,,,060701,,,,,,,,,,,,,,,,,,,,,,,1400000US06075060701,,,06075060701,"Census Tract 607.01, San Francisco County, California",8602,"Census Tract 607.01, San Francisco County, California",801
G0600750060702,2020-2024,CA,,,California,06,San Francisco County,075,,,060702,,,,,,,,,,,,,,,,,,,,,,,1400000US06075060702,,,06075060702,"Census Tract 607.02, San Francisco County, California",2608,"Census Tract 607.02, San Francisco County, California",315
G0600750060703,2020-2024,CA,,,California,06,San Francisco County,075,,,060703,,,,,,,,,,,,,,,,,,,,,,,1400000US06075060703,,,06075060703,"Census Tract 607.03, San Francisco County, California",6388,"Census Tract 607.03, San Francisco County, California",1465
G0600750061000,2020-2024,CA,,,California,06,San Francisco County,075,,,061000,,,,,,,,,,,,,,,,,,,,,,,1400000US06075061000,,,06075061000,"Census Tract 610, San Francisco County, California",4295,"Census Tract 610, San Francisco County, California",578
G0600750061101,2020-2024,CA,,,California,06,San Francisco County,075,,,061101,,,,,,,,,,,,,,,,,,,,,,,1400000US06075061101,,,06075061101,"Census Tract 611.01, San Francisco County, California",1723,"Census Tract 611.01, San Francisco County, California",504
G0600750061102,2020-2024,CA,,,California,06,San Francisco County,075,,,061102,,,,,,,,,,,,,,,,,,,,,,,1400000US06075061102,,,06075061102,"Census Tract 611.02, San Francisco County, California",1982,"Census Tract 611.02, San Francisco County, California",349
G0600750061200,2020-2024,CA,,,California,06,San Francisco County,075,,,061200,,,,,,,,,,,,,,,,,,,,,,,1400000US06075061200,,,06075061200,"Census Tract 612, San Francisco County, California",4086,"Census Tract 612, San Francisco County, California",803
G0600750061401,2020-2024,CA,,,California,06,San Francisco County,075,,,061401,,,,,,,,,,,,,,,,,,,,,,,1400000US06075061401,,,06075061401,"Census Tract 614.01, San Francisco County, California",2815,"Census Tract 614.01, San Francisco County, California",506
G0600750061402,2020-2024,CA,,,California,06,San Francisco County,075,,,061402,,,,,,,,,,,,,,,,,,,,,,,1400000US06075061402,,,06075061402,"Census Tract 614.02, San Francisco County, California",2760,"Census Tract 614.02, San Francisco County, California",441
G0600750061501,2020-2024,CA,,,California,06,San Francisco County,075,,,061501,,,,,,,,,,,,,,,,,,,,,,,1400000US06075061501,,,06075061501,"Census Tract 615.01, San Francisco County, California",1862,"Census Tract 615.01, San Francisco County, California",483
G0600750061502,2020-2024,CA,,,California,06,San Francisco County,075,,,061502,,,,,,,,,,,,,,,,,,,,,,,1400000US06075061502,,,06075061502,"Census Tract 615.02, San Francisco County, California",2500,"Census Tract 615.02, San Francisco County, California",587
G0600750061503,2020-2024,CA,,,California,06,San Francisco County,075,,,061503,,,,,,,,,,,,,,,,,,,,,,,1400000US06075061503,,,06075061503,"Census Tract 615.03, San Francisco County, California",3552,"Census Tract 615.03, San Francisco County, California",631
G0600750061504,2020-2024,CA,,,California,06,San Francisco County,075,,,061504,,,,,,,,,,,,,,,,,,,,,,,1400000US06075061504,,,06075061504,"Census Tract 615.04, San Francisco County, California",2133,"Census Tract 615.04, San Francisco County, California",528
G0600750061505,2020-2024,CA,,,California,06,San Francisco County,075,,,061505,,,,,,,,,,,,,,,,,,,,,,,1400000US06075061505,,,06075061505,"Census Tract 615.05, San Francisco County, California",925,"Census Tract 615.05, San Francisco County, California",128
G0600750061506,2020-2024,CA,,,California,06,San Francisco County,075,,,061506,,,,,,,,,,,,,,,,,,,,,,,1400000US06075061506,,,06075061506,"Census Tract 615.06, San Francisco County, California",4429,"Census Tract 615.06, San Francisco County, California",993
G0600750061507,2020-2024,CA,,,California,06,San Francisco County,075,,,061507,,,,,,,,,,,,,,,,,,,,,,,1400000US06075061507,,,06075061507,"Census Tract 615.07, San Francisco County, California",1387,"Census Tract 615.07, San Francisco County, California",223
G0600750061508,2020-2024,CA,,,California,06,San Francisco County,075,,,061508,,,,,,,,,,,,,,,,,,,,,,,1400000US06075061508,,,06075061508,"Census Tract 615.08, San Francisco County, California",2307,"Census Tract 615.08, San Francisco County, California",337
G0600750980200,2020-2024,CA,,,California,06,San Francisco County,075,,,980200,,,,,,,,,,,,,,,,,,,,,,,1400000US06075980200,,,06075980200,"Census Tract 9802, San Francisco County, California",160,"Census Tract 9802, San Francisco County, California",12
G0600750980300,2020-2024,CA,,,California,06,San Francisco County,075,,,980300,,,,,,,,,,,,,,,,,,,,,,,1400000US06075980300,,,06075980300,"Census Tract 9803, San Francisco County, California",58,"Census Tract 9803, San Francisco County, California",29
G0600750980401,2020-2024,CA,,,California,06,San Francisco County,075,,,980401,,,,,,,,,,,,,,,,,,,,,,,1400000US06075980401,,,06075980401,"Census Tract 9804.01, San Francisco County, California",0,"Census Tract 9804.01, San Francisco County, California",14
G0600750980501,2020-2024,CA,,,California,06,San Francisco County,075,,,980501,,,,,,,,,,,,,,,,,,,,,,,1400000US06075980501,,,06075980501,"Census Tract 9805.01, San Francisco County, California",146,"Census Tract 9805.01, San Francisco County, California",52
G0600750980600,2020-2024,CA,,,California,06,San Francisco County,075,,,980600,,,,,,,,,,,,,,,,,,,,,,,1400000US06075980600,,,06075980600,"Census Tract 9806, San Francisco County, California",1295,"Census Tract 9806, San Francisco County, California",182
G0600750980900,2020-2024,CA,,,California,06,San Francisco County,075,,,980900,,,,,,,,,,,,,,,,,,,,,,,1400000US06075980900,,,06075980900,"Census Tract 9809, San Francisco County, California",439,"Census Tract 9809, San Francisco County, California",157
G0600750990100,2020-2024,CA,,,California,06,San Francisco County,075,,,990100,,,,,,,,,,,,,,,,,,,,,,,1400000US06075990100,,,06075990100,"Census Tract 9901, San Francisco County, California",0,"Census Tract 9901, San Francisco County, California",14
G0600750990200,2020-2024,CA,,,California,06,San Francisco County,075,,,990200,,,,,,,,,,,,,,,,,,,,,,,1400000US06075990200,,,06075990200,"Census Tract 9902, San Francisco County, California",0,"Census Tract 9902, San Francisco County, California",14
