GISJOIN,YEAR,STUSAB,REGIONA,DIVISIONA,STATE,STATEA,COUNTY,COUNTYA,COUSUBA,PLACEA,TRACTA,BLKGRPA,CONCITA,AIANHHA,RES_ONLYA,TRUSTA,AIHHTLI,AITSA,ANRCA,CBSAA,CSAA,METDIVA,UAA,CDCURRA,SLDUA,SLDLA,ZCTA5A,SUBMCDA,SDELMA,SDSECA,SDUNIA,PCI,PUMAA,GEO_ID,BTTRA,BTBGA,TL_GEO_ID,NAME_E,AUO7E001,AUO7E002,AUO7E003,AUO7E004,AUO7E005,AUO7E006,AUO7E007,AUO7E008,AUO7E009,AUO7E010,NAME_M,AUO7M001,AUO7M002,AUO7M003,AUO7M004,AUO7M005,AUO7M006,AUO7M007,AUO7M008,AUO7M009,AUO7M010
G0600750010101,2020-2024,CA,,,California,06,San Francisco County,075,,,010101,,,,,,,,,,,,,,,,,,,,,,,1400000US06075010101,,,06075010101,"Census Tract 101.01, San Francisco County, California",1911,768,113,62,561,58,183,166,112,54,"Census Tract 101.01, San Francisco County, California",285,166,124,66,156,87,175,97,86,48
G0600750010102,2020-2024,CA,,,California,06,San Francisco County,075,,,010102,,,,,,,,,,,,,,,,,,,,,,,1400000US06075010102,,,06075010102,"Census Tract 101.02, San Francisco County, California",1917,630,385,0,770,12,79,41,20,21,"Census Tract 101.02, San Francisco County, California",339,171,322,14,192,19,124,33,23,22
G0600750010201,2020-2024,CA,,,California,06,San Francisco County,075,,,010201,,,,,,,,,,,,,,,,,,,,,,,1400000US06075010201,,,06075010201,"Census Tract 102.01, San Francisco County, California",2650,1794,153,55,189,0,25,434,199,235,"Census Tract 102.01, San Francisco County, California",532,471,114,66,86,14,32,278,158,173
G0600750010202,2020-2024,CA,,,California,06,San Francisco County,075,,,010202,,,,,,,,,,,,,,,,,,,,,,,1400000US06075010202,,,06075010202,"Census Tract 102.02, San Francisco County, California",1839,1240,30,0,277,18,72,202,80,122,"Census Tract 102.02, San Francisco County, California",311,323,49,14,180,38,77,100,82,77
G0600750010300,2020-2024,CA,,,California,06,San Francisco County,075,,,010300,,,,,,,,,,,,,,,,,,,,,,,1400000US06075010300,,,06075010300,"Census Tract 103, San Francisco County, California",3824,2283,0,75,925,0,156,385,316,69,"Census Tract 103, San Francisco County, California",551,455,14,121,319,14,224,191,179,65
G0600750010401,2020-2024,CA,,,California,06,San Francisco County,075,,,010401,,,,,,,,,,,,,,,,,,,,,,,1400000US06075010401,,,06075010401,"Census Tract 104.01, San Francisco County, California",2427,1270,7,5,585,0,72,488,76,412,"Census Tract 104.01, San Francisco County, California",739,328,20,12,157,14,69,508,82,437
G0600750010402,2020-2024,CA,,,California,06,San Francisco County,075,,,010402,,,,,,,,,,,,,,,,,,,,,,,1400000US06075010402,,,06075010402,"Census Tract 104.02, San Francisco County, California",1924,1292,31,0,431,0,41,129,55,74,"Census Tract 104.02, San Francisco County, California",254,234,39,14,139,14,57,100,57,84
G0600750010500,2020-2024,CA,,,California,06,San Francisco County,075,,,010500,,,,,,,,,,,,,,,,,,,,,,,1400000US06075010500,,,06075010500,"Census Tract 105, San Francisco County, California",3473,1475,31,0,1760,0,53,154,43,111,"Census Tract 105, San Francisco County, California",506,383,44,14,417,14,59,130,107,74
G0600750010600,2020-2024,CA,,,California,06,San Francisco County,075,,,010600,,,,,,,,,,,,,,,,,,,,,,,1400000US06075010600,,,06075010600,"Census Tract 106, San Francisco County, California",2957,935,104,13,1480,0,27,398,212,186,"Census Tract 106, San Francisco County, California",407,220,68,20,316,14,28,181,148,104
G0600750010701,2020-2024,CA,,,California,06,San Francisco County,075,,,010701,,,,,,,,,,,,,,,,,,,,,,,1400000US06075010701,,,06075010701,"Census Tract 107.01, San Francisco County, California",3021,149,0,0,2784,0,28,60,0,60,"Census Tract 107.01, San Francisco County, California",616,53,14,14,623,14,31,65,14,65
G0600750010702,2020-2024,CA,,,California,06,San Francisco County,075,,,010702,,,,,,,,,,,,,,,,,,,,,,,1400000US06075010702,,,06075010702,"Census Tract 107.02, San Francisco County, California",1398,423,0,37,707,0,163,68,10,58,"Census Tract 107.02, San Francisco County, California",257,124,14,58,189,14,113,45,17,43
G0600750010800,2020-2024,CA,,,California,06,San Francisco County,075,,,010800,,,,,,,,,,,,,,,,,,,,,,,1400000US06075010800,,,06075010800,"Census Tract 108, San Francisco County, California",4047,1784,277,0,1446,0,238,302,65,237,"Census Tract 108, San Francisco County, California",537,381,238,14,342,14,169,202,87,174
G0600750010901,2020-2024,CA,,,California,06,San Francisco County,075,,,010901,,,,,,,,,,,,,,,,,,,,,,,1400000US06075010901,,,06075010901,"Census Tract 109.01, San Francisco County, California",2067,1466,13,16,205,0,34,333,111,222,"Census Tract 109.01, San Francisco County, California",334,305,21,27,81,14,53,198,88,139
G0600750010902,2020-2024,CA,,,California,06,San Francisco County,075,,,010902,,,,,,,,,,,,,,,,,,,,,,,1400000US06075010902,,,06075010902,"Census Tract 109.02, San Francisco County, California",2589,1709,0,0,571,0,55,254,118,136,"Census Tract 109.02, San Francisco County, California",528,464,14,14,226,14,58,175,89,156
G0600750011001,2020-2024,CA,,,California,06,San Francisco County,075,,,011001,,,,,,,,,,,,,,,,,,,,,,,1400000US06075011001,,,06075011001,"Census Tract 110.01, San Francisco County, California",2402,1428,90,0,696,0,47,141,113,28,"Census Tract 110.01, San Francisco County, California",421,336,148,14,173,14,39,118,113,32
G0600750011002,2020-2024,CA,,,California,06,San Francisco County,075,,,011002,,,,,,,,,,,,,,,,,,,,,,,1400000US06075011002,,,06075011002,"Census Tract 110.02, San Francisco County, California",1992,1001,0,0,620,0,91,280,99,181,"Census Tract 110.02, San Francisco County, California",449,245,14,14,338,14,68,167,86,151
G0600750011101,2020-2024,CA,,,California,06,San Francisco County,075,,,011101,,,,,,,,,,,,,,,,,,,,,,,1400000US06075011101,,,06075011101,"Census Tract 111.01, San Francisco County, California",2477,1115,76,0,1082,0,44,160,65,95,"Census Tract 111.01, San Francisco County, California",413,264,58,14,368,14,38,82,42,71
G0600750011102,2020-2024,CA,,,California,06,San Francisco County,075,,,011102,,,,,,,,,,,,,,,,,,,,,,,1400000US06075011102,,,06075011102,"Census Tract 111.02, San Francisco County, California",2207,803,231,0,729,0,271,173,52,121,"Census Tract 111.02, San Francisco County, California",436,260,167,14,255,14,308,102,60,75
G0600750011200,2020-2024,CA,,,California,06,San Francisco County,075,,,011200,,,,,,,,,,,,,,,,,,,,,,,1400000US06075011200,,,06075011200,"Census Tract 112, San Francisco County, California",2676,1339,68,0,1020,0,42,207,23,184,"Census Tract 112, San Francisco County, California",392,251,79,14,302,14,48,117,27,117
G0600750011300,2020-2024,CA,,,California,06,San Francisco County,075,,,011300,,,,,,,,,,,,,,,,,,,,,,,1400000US06075011300,,,06075011300,"Census Tract 113, San Francisco County, California",2589,556,55,0,1859,0,43,76,10,66,"Census Tract 113, San Francisco County, California",473,168,79,14,496,14,53,50,17,47
G0600750011700,2020-2024,CA,,,California,06,San Francisco County,075,,,011700,,,,,,,,,,,,,,,,,,,,,,,1400000US06075011700,,,06075011700,"Census Tract 117, San Francisco County, California",1914,862,27,19,568,0,121,317,139,178,"Census Tract 117, San Francisco County, California",315,198,32,29,186,14,106,173,118,147
G0600750011800,2020-2024,CA,,,California,06,San Francisco County,075,,,011800,,,,,,,,,,,,,,,,,,,,,,,1400000US06075011800,,,06075011800,"Census Tract 118, San Francisco County, California",1376,90,20,0,1098,0,30,138,27,111,"Census Tract 118, San Francisco County, California",260,48,24,14,256,14,38,122,35,120
G0600750011901,2020-2024,CA,,,California,06,San Francisco County,075,,,011901,,,,,,,,,,,,,,,,,,,,,,,1400000US06075011901,,,06075011901,"Census Tract 119.01, San Francisco County, California",2022,838,38,0,690,0,257,199,139,60,"Census Tract 119.01, San Francisco County, California",300,189,40,14,194,14,274,114,109,42
G0600750011902,2020-2024,CA,,,California,06,San Francisco County,075,,,011902,,,,,,,,,,,,,,,,,,,,,,,1400000US06075011902,,,06075011902,"Census Tract 119.02, San Francisco County, California",3032,1129,54,16,1174,0,402,257,113,144,"Census Tract 119.02, San Francisco County, California",641,317,40,18,530,14,259,130,84,98
G0600750012001,2020-2024,CA,,,California,06,San Francisco County,075,,,012001,,,,,,,,,,,,,,,,,,,,,,,1400000US06075012001,,,06075012001,"Census Tract 120.01, San Francisco County, California",1746,612,21,0,330,0,277,506,480,26,"Census Tract 120.01, San Francisco County, California",488,202,25,14,191,14,181,315,311,36
G0600750012002,2020-2024,CA,,,California,06,San Francisco County,075,,,012002,,,,,,,,,,,,,,,,,,,,,,,1400000US06075012002,,,06075012002,"Census Tract 120.02, San Francisco County, California",2126,658,174,23,584,0,217,470,49,421,"Census Tract 120.02, San Francisco County, California",377,218,103,41,193,14,122,310,68,303
G0600750012100,2020-2024,CA,,,California,06,San Francisco County,075,,,012100,,,,,,,,,,,,,,,,,,,,,,,1400000US06075012100,,,06075012100,"Census Tract 121, San Francisco County, California",3203,1552,72,4,890,0,217,468,242,226,"Census Tract 121, San Francisco County, California",399,439,48,8,255,14,162,192,146,110
G0600750012202,2020-2024,CA,,,California,06,San Francisco County,075,,,012202,,,,,,,,,,,,,,,,,,,,,,,1400000US06075012202,,,06075012202,"Census Tract 122.02, San Francisco County, California",2915,1068,373,61,766,0,400,247,51,196,"Census Tract 122.02, San Francisco County, California",377,303,159,57,302,14,309,134,71,119
G0600750012203,2020-2024,CA,,,California,06,San Francisco County,075,,,012203,,,,,,,,,,,,,,,,,,,,,,,1400000US06075012203,,,06075012203,"Census Tract 122.03, San Francisco County, California",1524,636,98,103,371,0,101,215,131,84,"Census Tract 122.03, San Francisco County, California",386,294,82,86,242,14,75,56,54,11
G0600750012204,2020-2024,CA,,,California,06,San Francisco County,075,,,012204,,,,,,,,,,,,,,,,,,,,,,,1400000US06075012204,,,06075012204,"Census Tract 122.04, San Francisco County, California",2571,1047,0,22,823,0,238,441,239,202,"Census Tract 122.04, San Francisco County, California",554,342,14,34,324,14,220,232,175,161
G0600750012301,2020-2024,CA,,,California,06,San Francisco County,075,,,012301,,,,,,,,,,,,,,,,,,,,,,,1400000US06075012301,,,06075012301,"Census Tract 123.01, San Francisco County, California",1924,548,167,13,483,0,624,89,13,76,"Census Tract 123.01, San Francisco County, California",382,210,96,23,176,14,354,47,22,41
G0600750012302,2020-2024,CA,,,California,06,San Francisco County,075,,,012302,,,,,,,,,,,,,,,,,,,,,,,1400000US06075012302,,,06075012302,"Census Tract 123.02, San Francisco County, California",2700,1105,233,39,832,0,229,262,182,80,"Census Tract 123.02, San Francisco County, California",266,203,112,39,208,14,134,136,116,68
G0600750012403,2020-2024,CA,,,California,06,San Francisco County,075,,,012403,,,,,,,,,,,,,,,,,,,,,,,1400000US06075012403,,,06075012403,"Census Tract 124.03, San Francisco County, California",2481,339,90,48,878,0,694,432,335,97,"Census Tract 124.03, San Francisco County, California",648,154,49,59,423,14,459,227,225,70
G0600750012404,2020-2024,CA,,,California,06,San Francisco County,075,,,012404,,,,,,,,,,,,,,,,,,,,,,,1400000US06075012404,,,06075012404,"Census Tract 124.04, San Francisco County, California",2714,784,174,70,633,17,807,229,85,144,"Census Tract 124.04, San Francisco County, California",453,370,125,87,300,27,350,155,109,118
G0600750012405,2020-2024,CA,,,California,06,San Francisco County,075,,,012405,,,,,,,,,,,,,,,,,,,,,,,1400000US06075012405,,,06075012405,"Census Tract 124.05, San Francisco County, California",3764,1373,590,77,667,0,99,958,579,379,"Census Tract 124.05, San Francisco County, California",491,374,294,79,199,14,99,489,365,343
G0600750012406,2020-2024,CA,,,California,06,San Francisco County,075,,,012406,,,,,,,,,,,,,,,,,,,,,,,1400000US06075012406,,,06075012406,"Census Tract 124.06, San Francisco County, California",1529,455,87,0,648,0,233,106,67,39,"Census Tract 124.06, San Francisco County, California",254,130,85,14,267,14,133,92,84,47
G0600750012502,2020-2024,CA,,,California,06,San Francisco County,075,,,012502,,,,,,,,,,,,,,,,,,,,,,,1400000US06075012502,,,06075012502,"Census Tract 125.02, San Francisco County, California",4517,957,619,224,1371,18,885,443,327,116,"Census Tract 125.02, San Francisco County, California",696,341,217,174,361,38,647,209,196,83
G0600750012503,2020-2024,CA,,,California,06,San Francisco County,075,,,012503,,,,,,,,,,,,,,,,,,,,,,,1400000US06075012503,,,06075012503,"Census Tract 125.03, San Francisco County, California",4772,730,416,74,1989,0,1074,489,328,161,"Census Tract 125.03, San Francisco County, California",558,273,166,110,733,14,549,270,236,136
G0600750012504,2020-2024,CA,,,California,06,San Francisco County,075,,,012504,,,,,,,,,,,,,,,,,,,,,,,1400000US06075012504,,,06075012504,"Census Tract 125.04, San Francisco County, California",693,121,58,16,239,0,28,231,193,38,"Census Tract 125.04, San Francisco County, California",220,81,57,27,148,14,34,188,186,34
G0600750012601,2020-2024,CA,,,California,06,San Francisco County,075,,,012601,,,,,,,,,,,,,,,,,,,,,,,1400000US06075012601,,,06075012601,"Census Tract 126.01, San Francisco County, California",2105,1548,0,0,207,0,8,342,200,142,"Census Tract 126.01, San Francisco County, California",347,307,14,14,103,14,9,157,93,123
G0600750012602,2020-2024,CA,,,California,06,San Francisco County,075,,,012602,,,,,,,,,,,,,,,,,,,,,,,1400000US06075012602,,,06075012602,"Census Tract 126.02, San Francisco County, California",3071,2536,8,0,212,0,25,290,98,192,"Census Tract 126.02, San Francisco County, California",477,445,15,14,99,14,31,134,67,123
G0600750012700,2020-2024,CA,,,California,06,San Francisco County,075,,,012700,,,,,,,,,,,,,,,,,,,,,,,1400000US06075012700,,,06075012700,"Census Tract 127, San Francisco County, California",4027,3342,35,0,251,0,0,399,257,142,"Census Tract 127, San Francisco County, California",674,613,57,14,184,14,14,282,256,132
G0600750012801,2020-2024,CA,,,California,06,San Francisco County,075,,,012801,,,,,,,,,,,,,,,,,,,,,,,1400000US06075012801,,,06075012801,"Census Tract 128.01, San Francisco County, California",2568,2013,20,0,113,16,68,338,308,30,"Census Tract 128.01, San Francisco County, California",578,377,27,14,85,27,74,442,437,42
G0600750012802,2020-2024,CA,,,California,06,San Francisco County,075,,,012802,,,,,,,,,,,,,,,,,,,,,,,1400000US06075012802,,,06075012802,"Census Tract 128.02, San Francisco County, California",1855,1218,3,0,390,0,75,169,148,21,"Census Tract 128.02, San Francisco County, California",334,382,13,14,153,14,76,114,116,28
G0600750012901,2020-2024,CA,,,California,06,San Francisco County,075,,,012901,,,,,,,,,,,,,,,,,,,,,,,1400000US06075012901,,,06075012901,"Census Tract 129.01, San Francisco County, California",2830,1980,3,1,464,0,28,354,182,172,"Census Tract 129.01, San Francisco County, California",579,581,5,7,217,14,25,141,138,69
G0600750012902,2020-2024,CA,,,California,06,San Francisco County,075,,,012902,,,,,,,,,,,,,,,,,,,,,,,1400000US06075012902,,,06075012902,"Census Tract 129.02, San Francisco County, California",2589,1810,18,0,436,90,82,153,76,77,"Census Tract 129.02, San Francisco County, California",366,375,31,14,224,96,85,84,54,53
G0600750013001,2020-2024,CA,,,California,06,San Francisco County,075,,,013001,,,,,,,,,,,,,,,,,,,,,,,1400000US06075013001,,,06075013001,"Census Tract 130.01, San Francisco County, California",1427,1165,7,4,128,0,51,72,28,44,"Census Tract 130.01, San Francisco County, California",250,221,13,8,64,14,55,64,46,47
G0600750013002,2020-2024,CA,,,California,06,San Francisco County,075,,,013002,,,,,,,,,,,,,,,,,,,,,,,1400000US06075013002,,,06075013002,"Census Tract 130.02, San Francisco County, California",2843,2090,0,45,331,0,0,377,120,257,"Census Tract 130.02, San Francisco County, California",650,496,14,51,189,14,14,267,116,254
G0600750013101,2020-2024,CA,,,California,06,San Francisco County,075,,,013101,,,,,,,,,,,,,,,,,,,,,,,1400000US06075013101,,,06075013101,"Census Tract 131.01, San Francisco County, California",3768,2069,48,0,1325,0,20,306,96,210,"Census Tract 131.01, San Francisco County, California",544,459,61,14,541,14,25,150,90,108
G0600750013102,2020-2024,CA,,,California,06,San Francisco County,075,,,013102,,,,,,,,,,,,,,,,,,,,,,,1400000US06075013102,,,06075013102,"Census Tract 131.02, San Francisco County, California",2550,1704,101,0,317,0,98,330,174,156,"Census Tract 131.02, San Francisco County, California",456,368,104,14,135,14,69,182,173,78
G0600750013200,2020-2024,CA,,,California,06,San Francisco County,075,,,013200,,,,,,,,,,,,,,,,,,,,,,,1400000US06075013200,,,06075013200,"Census Tract 132, San Francisco County, California",3481,2493,1,0,540,0,18,429,266,163,"Census Tract 132, San Francisco County, California",557,425,2,14,288,14,26,216,211,98
G0600750013300,2020-2024,CA,,,California,06,San Francisco County,075,,,013300,,,,,,,,,,,,,,,,,,,,,,,1400000US06075013300,,,06075013300,"Census Tract 133, San Francisco County, California",3952,2623,64,0,901,0,40,324,153,171,"Census Tract 133, San Francisco County, California",451,494,42,14,303,14,43,116,69,89
G0600750013401,2020-2024,CA,,,California,06,San Francisco County,075,,,013401,,,,,,,,,,,,,,,,,,,,,,,1400000US06075013401,,,06075013401,"Census Tract 134.01, San Francisco County, California",1390,915,3,3,159,0,34,276,78,198,"Census Tract 134.01, San Francisco County, California",295,211,8,8,76,14,24,208,68,194
G0600750013402,2020-2024,CA,,,California,06,San Francisco County,075,,,013402,,,,,,,,,,,,,,,,,,,,,,,1400000US06075013402,,,06075013402,"Census Tract 134.02, San Francisco County, California",2420,1468,100,2,668,0,55,127,21,106,"Census Tract 134.02, San Francisco County, California",400,354,110,5,229,14,68,76,24,75
G0600750013500,2020-2024,CA,,,California,06,San Francisco County,075,,,013500,,,,,,,,,,,,,,,,,,,,,,,1400000US06075013500,,,06075013500,"Census Tract 135, San Francisco County, California",2807,2135,0,0,293,0,32,347,80,267,"Census Tract 135, San Francisco County, California",331,349,14,14,96,14,53,158,57,149
G0600750015100,2020-2024,CA,,,California,06,San Francisco County,075,,,015100,,,,,,,,,,,,,,,,,,,,,,,1400000US06075015100,,,06075015100,"Census Tract 151, San Francisco County, California",2641,1299,144,5,939,0,17,237,27,210,"Census Tract 151, San Francisco County, California",423,258,108,10,268,14,21,99,23,91
G0600750015201,2020-2024,CA,,,California,06,San Francisco County,075,,,015201,,,,,,,,,,,,,,,,,,,,,,,1400000US06075015201,,,06075015201,"Census Tract 152.01, San Francisco County, California",1615,834,173,0,506,0,15,87,60,27,"Census Tract 152.01, San Francisco County, California",203,216,107,14,178,14,27,59,44,32
G0600750015202,2020-2024,CA,,,California,06,San Francisco County,075,,,015202,,,,,,,,,,,,,,,,,,,,,,,1400000US06075015202,,,06075015202,"Census Tract 152.02, San Francisco County, California",2413,1238,404,0,577,0,0,194,59,135,"Census Tract 152.02, San Francisco County, California",631,296,561,14,201,14,14,107,55,65
G0600750015300,2020-2024,CA,,,California,06,San Francisco County,075,,,015300,,,,,,,,,,,,,,,,,,,,,,,1400000US06075015300,,,06075015300,"Census Tract 153, San Francisco County, California",2377,1591,185,61,211,0,40,289,175,114,"Census Tract 153, San Francisco County, California",414,295,134,54,103,14,39,147,145,72
G0600750015401,2020-2024,CA,,,California,06,San Francisco County,075,,,015401,,,,,,,,,,,,,,,,,,,,,,,1400000US06075015401,,,06075015401,"Census Tract 154.01, San Francisco County, California",3205,1674,33,0,1098,0,84,316,170,146,"Census Tract 154.01, San Francisco County, California",380,297,32,14,293,14,59,179,158,106
G0600750015402,2020-2024,CA,,,California,06,San Francisco County,075,,,015402,,,,,,,,,,,,,,,,,,,,,,,1400000US06075015402,,,06075015402,"Census Tract 154.02, San Francisco County, California",2688,1801,40,16,424,0,102,305,257,48,"Census Tract 154.02, San Francisco County, California",575,386,67,23,238,14,120,230,227,41
G0600750015500,2020-2024,CA,,,California,06,San Francisco County,075,,,015500,,,,,,,,,,,,,,,,,,,,,,,1400000US06075015500,,,06075015500,"Census Tract 155, San Francisco County, California",4011,1815,137,0,1575,0,313,171,139,32,"Census Tract 155, San Francisco County, California",517,444,136,14,391,14,357,106,104,42
G0600750015600,2020-2024,CA,,,California,06,San Francisco County,075,,,015600,,,,,,,,,,,,,,,,,,,,,,,1400000US06075015600,,,06075015600,"Census Tract 156, San Francisco County, California",2964,1262,151,5,1162,0,81,303,88,215,"Census Tract 156, San Francisco County, California",501,258,89,6,376,14,69,124,63,100
G0600750015701,2020-2024,CA,,,California,06,San Francisco County,075,,,015701,,,,,,,,,,,,,,,,,,,,,,,1400000US06075015701,,,06075015701,"Census Tract 157.01, San Francisco County, California",4777,2474,159,0,1444,0,167,533,172,361,"Census Tract 157.01, San Francisco County, California",488,549,88,14,253,14,98,178,105,132
G0600750015702,2020-2024,CA,,,California,06,San Francisco County,075,,,015702,,,,,,,,,,,,,,,,,,,,,,,1400000US06075015702,,,06075015702,"Census Tract 157.02, San Francisco County, California",3080,1729,73,0,458,0,590,230,98,132,"Census Tract 157.02, San Francisco County, California",676,272,68,14,164,14,630,107,66,72
G0600750015801,2020-2024,CA,,,California,06,San Francisco County,075,,,015801,,,,,,,,,,,,,,,,,,,,,,,1400000US06075015801,,,06075015801,"Census Tract 158.01, San Francisco County, California",3384,1163,772,0,919,0,124,406,222,184,"Census Tract 158.01, San Francisco County, California",483,230,391,14,190,14,152,147,125,108
G0600750015802,2020-2024,CA,,,California,06,San Francisco County,075,,,015802,,,,,,,,,,,,,,,,,,,,,,,1400000US06075015802,,,06075015802,"Census Tract 158.02, San Francisco County, California",3095,1610,184,0,531,0,210,560,82,478,"Census Tract 158.02, San Francisco County, California",519,317,108,14,157,14,159,233,51,214
G0600750015900,2020-2024,CA,,,California,06,San Francisco County,075,,,015900,,,,,,,,,,,,,,,,,,,,,,,1400000US06075015900,,,06075015900,"Census Tract 159, San Francisco County, California",4861,1539,576,463,1519,0,408,356,139,217,"Census Tract 159, San Francisco County, California",853,564,422,572,402,14,298,168,89,140
G0600750016000,2020-2024,CA,,,California,06,San Francisco County,075,,,016000,,,,,,,,,,,,,,,,,,,,,,,1400000US06075016000,,,06075016000,"Census Tract 160, San Francisco County, California",2892,964,201,5,986,0,296,440,95,345,"Census Tract 160, San Francisco County, California",538,186,101,18,281,14,214,432,55,426
G0600750016101,2020-2024,CA,,,California,06,San Francisco County,075,,,016101,,,,,,,,,,,,,,,,,,,,,,,1400000US06075016101,,,06075016101,"Census Tract 161.01, San Francisco County, California",2426,957,193,0,984,0,0,292,38,254,"Census Tract 161.01, San Francisco County, California",506,270,126,14,517,14,14,132,40,132
G0600750016102,2020-2024,CA,,,California,06,San Francisco County,075,,,016102,,,,,,,,,,,,,,,,,,,,,,,1400000US06075016102,,,06075016102,"Census Tract 161.02, San Francisco County, California",2989,202,1181,0,1041,296,0,269,114,155,"Census Tract 161.02, San Francisco County, California",494,242,401,14,420,269,14,186,98,160
G0600750016200,2020-2024,CA,,,California,06,San Francisco County,075,,,016200,,,,,,,,,,,,,,,,,,,,,,,1400000US06075016200,,,06075016200,"Census Tract 162, San Francisco County, California",3209,1531,135,13,841,3,353,333,217,116,"Census Tract 162, San Francisco County, California",583,423,121,21,409,13,240,189,173,109
G0600750016300,2020-2024,CA,,,California,06,San Francisco County,075,,,016300,,,,,,,,,,,,,,,,,,,,,,,1400000US06075016300,,,06075016300,"Census Tract 163, San Francisco County, California",3925,2337,444,0,514,0,74,556,151,405,"Census Tract 163, San Francisco County, California",583,514,258,14,229,14,67,259,134,223
G0600750016400,2020-2024,CA,,,California,06,San Francisco County,075,,,016400,,,,,,,,,,,,,,,,,,,,,,,1400000US06075016400,,,06075016400,"Census Tract 164, San Francisco County, California",3571,2265,257,0,692,0,88,269,136,133,"Census Tract 164, San Francisco County, California",656,636,97,14,194,14,69,128,72,88
G0600750016500,2020-2024,CA,,,California,06,San Francisco County,075,,,016500,,,,,,,,,,,,,,,,,,,,,,,1400000US06075016500,,,06075016500,"Census Tract 165, San Francisco County, California",5206,3443,241,221,358,0,140,803,310,493,"Census Tract 165, San Francisco County, California",674,514,198,267,147,19,133,322,203,259
G0600750016601,2020-2024,CA,,,California,06,San Francisco County,075,,,016601,,,,,,,,,,,,,,,,,,,,,,,1400000US06075016601,,,06075016601,"Census Tract 166.01, San Francisco County, California",2836,2036,110,0,403,0,54,233,73,160,"Census Tract 166.01, San Francisco County, California",484,490,100,14,130,14,55,104,60,79
G0600750016602,2020-2024,CA,,,California,06,San Francisco County,075,,,016602,,,,,,,,,,,,,,,,,,,,,,,1400000US06075016602,,,06075016602,"Census Tract 166.02, San Francisco County, California",1912,1333,176,47,89,0,10,257,79,178,"Census Tract 166.02, San Francisco County, California",422,328,170,51,62,14,18,127,71,99
G0600750016700,2020-2024,CA,,,California,06,San Francisco County,075,,,016700,,,,,,,,,,,,,,,,,,,,,,,1400000US06075016700,,,06075016700,"Census Tract 167, San Francisco County, California",4852,2967,42,44,952,0,43,804,443,361,"Census Tract 167, San Francisco County, California",761,696,59,63,377,14,40,259,171,201
G0600750016801,2020-2024,CA,,,California,06,San Francisco County,075,,,016801,,,,,,,,,,,,,,,,,,,,,,,1400000US06075016801,,,06075016801,"Census Tract 168.01, San Francisco County, California",4223,1959,241,5,833,36,251,898,585,313,"Census Tract 168.01, San Francisco County, California",472,372,165,7,316,50,156,345,350,141
G0600750016802,2020-2024,CA,,,California,06,San Francisco County,075,,,016802,,,,,,,,,,,,,,,,,,,,,,,1400000US06075016802,,,06075016802,"Census Tract 168.02, San Francisco County, California",3943,2106,210,0,789,153,199,486,77,409,"Census Tract 168.02, San Francisco County, California",677,585,111,14,251,88,122,256,66,254
G0600750016900,2020-2024,CA,,,California,06,San Francisco County,075,,,016900,,,,,,,,,,,,,,,,,,,,,,,1400000US06075016900,,,06075016900,"Census Tract 169, San Francisco County, California",2889,2122,32,24,376,15,115,205,87,118,"Census Tract 169, San Francisco County, California",469,455,37,37,112,25,87,99,73,60
G0600750017000,2020-2024,CA,,,California,06,San Francisco County,075,,,017000,,,,,,,,,,,,,,,,,,,,,,,1400000US06075017000,,,06075017000,"Census Tract 170, San Francisco County, California",4061,2849,76,0,578,0,103,455,378,77,"Census Tract 170, San Francisco County, California",536,518,64,14,222,14,97,205,185,71
G0600750017101,2020-2024,CA,,,California,06,San Francisco County,075,,,017101,,,,,,,,,,,,,,,,,,,,,,,1400000US06075017101,,,06075017101,"Census Tract 171.01, San Francisco County, California",4003,2642,36,18,517,0,14,776,301,475,"Census Tract 171.01, San Francisco County, California",561,501,43,25,237,14,22,213,156,169
G0600750017102,2020-2024,CA,,,California,06,San Francisco County,075,,,017102,,,,,,,,,,,,,,,,,,,,,,,1400000US06075017102,,,06075017102,"Census Tract 171.02, San Francisco County, California",3165,2296,47,14,309,0,147,352,118,234,"Census Tract 171.02, San Francisco County, California",368,345,41,18,138,14,85,135,88,117
G0600750017602,2020-2024,CA,,,California,06,San Francisco County,075,,,017602,,,,,,,,,,,,,,,,,,,,,,,1400000US06075017602,,,06075017602,"Census Tract 176.02, San Francisco County, California",3560,993,639,61,1480,0,109,278,161,117,"Census Tract 176.02, San Francisco County, California",850,340,613,101,530,14,86,174,169,53
G0600750017603,2020-2024,CA,,,California,06,San Francisco County,075,,,017603,,,,,,,,,,,,,,,,,,,,,,,1400000US06075017603,,,06075017603,"Census Tract 176.03, San Francisco County, California",4964,1490,433,421,1935,90,144,451,245,206,"Census Tract 176.03, San Francisco County, California",607,335,204,522,598,109,142,174,143,131
G0600750017604,2020-2024,CA,,,California,06,San Francisco County,075,,,017604,,,,,,,,,,,,,,,,,,,,,,,1400000US06075017604,,,06075017604,"Census Tract 176.04, San Francisco County, California",3965,958,432,13,1544,59,761,198,103,95,"Census Tract 176.04, San Francisco County, California",401,260,209,31,392,68,407,124,81,80
G0600750017700,2020-2024,CA,,,California,06,San Francisco County,075,,,017700,,,,,,,,,,,,,,,,,,,,,,,1400000US06075017700,,,06075017700,"Census Tract 177, San Francisco County, California",2946,1019,55,54,827,0,747,244,157,87,"Census Tract 177, San Francisco County, California",349,301,65,80,362,14,409,86,74,42
G0600750017801,2020-2024,CA,,,California,06,San Francisco County,075,,,017801,,,,,,,,,,,,,,,,,,,,,,,1400000US06075017801,,,06075017801,"Census Tract 178.01, San Francisco County, California",3019,494,34,23,2247,0,93,128,84,44,"Census Tract 178.01, San Francisco County, California",383,174,30,33,385,14,66,117,93,51
G0600750017803,2020-2024,CA,,,California,06,San Francisco County,075,,,017803,,,,,,,,,,,,,,,,,,,,,,,1400000US06075017803,,,06075017803,"Census Tract 178.03, San Francisco County, California",2415,704,348,0,969,6,176,212,148,64,"Census Tract 178.03, San Francisco County, California",484,256,175,14,439,15,88,104,73,60
G0600750017804,2020-2024,CA,,,California,06,San Francisco County,075,,,017804,,,,,,,,,,,,,,,,,,,,,,,1400000US06075017804,,,06075017804,"Census Tract 178.04, San Francisco County, California",4380,1587,359,40,1691,0,273,430,157,273,"Census Tract 178.04, San Francisco County, California",596,416,228,63,405,14,211,187,118,136
G0600750017903,2020-2024,CA,,,California,06,San Francisco County,075,,,017903,,,,,,,,,,,,,,,,,,,,,,,1400000US06075017903,,,06075017903,"Census Tract 179.03, San Francisco County, California",2429,839,443,39,150,0,342,616,299,317,"Census Tract 179.03, San Francisco County, California",417,354,183,38,95,14,183,315,228,224
G0600750018000,2020-2024,CA,,,California,06,San Francisco County,075,,,018000,,,,,,,,,,,,,,,,,,,,,,,1400000US06075018000,,,06075018000,"Census Tract 180, San Francisco County, California",3492,1283,235,11,1029,12,186,736,577,159,"Census Tract 180, San Francisco County, California",639,338,143,28,320,23,102,552,521,133
G0600750020101,2020-2024,CA,,,California,06,San Francisco County,075,,,020101,,,,,,,,,,,,,,,,,,,,,,,1400000US06075020101,,,06075020101,"Census Tract 201.01, San Francisco County, California",3943,1375,233,74,789,0,686,786,490,296,"Census Tract 201.01, San Francisco County, California",655,344,145,61,234,14,531,261,226,188
G0600750020102,2020-2024,CA,,,California,06,San Francisco County,075,,,020102,,,,,,,,,,,,,,,,,,,,,,,1400000US06075020102,,,06075020102,"Census Tract 201.02, San Francisco County, California",3463,981,272,57,623,0,1009,521,335,186,"Census Tract 201.02, San Francisco County, California",874,617,126,101,200,14,528,271,236,134
G0600750020201,2020-2024,CA,,,California,06,San Francisco County,075,,,020201,,,,,,,,,,,,,,,,,,,,,,,1400000US06075020201,,,06075020201,"Census Tract 202.01, San Francisco County, California",1905,914,57,10,299,0,433,192,112,80,"Census Tract 202.01, San Francisco County, California",369,204,55,26,122,14,288,107,85,56
G0600750020202,2020-2024,CA,,,California,06,San Francisco County,075,,,020202,,,,,,,,,,,,,,,,,,,,,,,1400000US06075020202,,,06075020202,"Census Tract 202.02, San Francisco County, California",3979,1591,457,13,803,0,348,767,177,590,"Census Tract 202.02, San Francisco County, California",529,456,247,22,272,14,145,310,156,293
G0600750020300,2020-2024,CA,,,California,06,San Francisco County,075,,,020300,,,,,,,,,,,,,,,,,,,,,,,1400000US06075020300,,,06075020300,"Census Tract 203, San Francisco County, California",3419,1985,79,25,690,0,155,485,203,282,"Census Tract 203, San Francisco County, California",507,505,72,24,183,14,101,150,113,86
G0600750020401,2020-2024,CA,,,California,06,San Francisco County,075,,,020401,,,,,,,,,,,,,,,,,,,,,,,1400000US06075020401,,,06075020401,"Census Tract 204.01, San Francisco County, California",3400,2256,69,48,529,11,27,460,255,205,"Census Tract 204.01, San Francisco County, California",358,311,54,54,181,14,27,160,156,87
G0600750020402,2020-2024,CA,,,California,06,San Francisco County,075,,,020402,,,,,,,,,,,,,,,,,,,,,,,1400000US06075020402,,,06075020402,"Census Tract 204.02, San Francisco County, California",4061,2367,86,9,748,0,184,667,306,361,"Census Tract 204.02, San Francisco County, California",481,334,112,20,216,14,156,305,227,195
G0600750020500,2020-2024,CA,,,California,06,San Francisco County,075,,,020500,,,,,,,,,,,,,,,,,,,,,,,1400000US06075020500,,,06075020500,"Census Tract 205, San Francisco County, California",2789,2041,59,8,349,0,71,261,140,121,"Census Tract 205, San Francisco County, California",453,439,60,9,139,14,79,104,85,61
G0600750020601,2020-2024,CA,,,California,06,San Francisco County,075,,,020601,,,,,,,,,,,,,,,,,,,,,,,1400000US06075020601,,,06075020601,"Census Tract 206.01, San Francisco County, California",3007,1683,61,0,811,0,124,328,183,145,"Census Tract 206.01, San Francisco County, California",504,454,63,14,259,14,111,155,133,89
G0600750020602,2020-2024,CA,,,California,06,San Francisco County,075,,,020602,,,,,,,,,,,,,,,,,,,,,,,1400000US06075020602,,,06075020602,"Census Tract 206.02, San Francisco County, California",2379,1726,68,0,256,0,84,245,73,172,"Census Tract 206.02, San Francisco County, California",445,456,67,14,146,14,84,129,63,116
G0600750020701,2020-2024,CA,,,California,06,San Francisco County,075,,,020701,,,,,,,,,,,,,,,,,,,,,,,1400000US06075020701,,,06075020701,"Census Tract 207.01, San Francisco County, California",3357,1987,146,0,524,0,105,595,293,302,"Census Tract 207.01, San Francisco County, California",591,449,106,14,201,14,65,245,170,159
G0600750020702,2020-2024,CA,,,California,06,San Francisco County,075,,,020702,,,,,,,,,,,,,,,,,,,,,,,1400000US06075020702,,,06075020702,"Census Tract 207.02, San Francisco County, California",1995,1275,25,7,349,0,127,212,136,76,"Census Tract 207.02, San Francisco County, California",243,232,29,11,196,14,131,103,77,53
G0600750020801,2020-2024,CA,,,California,06,San Francisco County,075,,,020801,,,,,,,,,,,,,,,,,,,,,,,1400000US06075020801,,,06075020801,"Census Tract 208.01, San Francisco County, California",3767,1094,154,45,408,0,1008,1058,738,320,"Census Tract 208.01, San Francisco County, California",762,217,192,29,130,14,350,624,631,175
G0600750020802,2020-2024,CA,,,California,06,San Francisco County,075,,,020802,,,,,,,,,,,,,,,,,,,,,,,1400000US06075020802,,,06075020802,"Census Tract 208.02, San Francisco County, California",2188,670,19,7,560,0,646,286,173,113,"Census Tract 208.02, San Francisco County, California",450,192,28,14,211,14,402,154,127,85
G0600750020900,2020-2024,CA,,,California,06,San Francisco County,075,,,020900,,,,,,,,,,,,,,,,,,,,,,,1400000US06075020900,,,06075020900,"Census Tract 209, San Francisco County, California",3746,1222,38,33,612,0,1170,671,312,359,"Census Tract 209, San Francisco County, California",727,391,53,34,173,14,610,241,145,188
G0600750021000,2020-2024,CA,,,California,06,San Francisco County,075,,,021000,,,,,,,,,,,,,,,,,,,,,,,1400000US06075021000,,,06075021000,"Census Tract 210, San Francisco County, California",3609,2321,28,35,585,0,123,517,297,220,"Census Tract 210, San Francisco County, California",647,581,48,43,235,14,106,221,192,122
G0600750021100,2020-2024,CA,,,California,06,San Francisco County,075,,,021100,,,,,,,,,,,,,,,,,,,,,,,1400000US06075021100,,,06075021100,"Census Tract 211, San Francisco County, California",4086,2835,10,0,628,0,62,551,171,380,"Census Tract 211, San Francisco County, California",405,362,18,14,168,14,49,237,96,167
G0600750021200,2020-2024,CA,,,California,06,San Francisco County,075,,,021200,,,,,,,,,,,,,,,,,,,,,,,1400000US06075021200,,,06075021200,"Census Tract 212, San Francisco County, California",2917,1733,7,33,363,0,36,745,218,527,"Census Tract 212, San Francisco County, California",364,338,8,34,148,14,30,168,94,151
G0600750021300,2020-2024,CA,,,California,06,San Francisco County,075,,,021300,,,,,,,,,,,,,,,,,,,,,,,1400000US06075021300,,,06075021300,"Census Tract 213, San Francisco County, California",2427,1579,80,36,280,0,21,431,91,340,"Census Tract 213, San Francisco County, California",448,359,106,52,126,14,24,191,57,174
G0600750021400,2020-2024,CA,,,California,06,San Francisco County,075,,,021400,,,,,,,,,,,,,,,,,,,,,,,1400000US06075021400,,,06075021400,"Census Tract 214, San Francisco County, California",3460,2385,21,46,502,0,117,389,169,220,"Census Tract 214, San Francisco County, California",382,381,33,57,234,14,103,152,87,108
G0600750021500,2020-2024,CA,,,California,06,San Francisco County,075,,,021500,,,,,,,,,,,,,,,,,,,,,,,1400000US06075021500,,,06075021500,"Census Tract 215, San Francisco County, California",5181,2673,125,0,1192,0,169,1022,699,323,"Census Tract 215, San Francisco County, California",685,512,108,19,537,19,131,318,262,196
G0600750021600,2020-2024,CA,,,California,06,San Francisco County,075,,,021600,,,,,,,,,,,,,,,,,,,,,,,1400000US06075021600,,,06075021600,"Census Tract 216, San Francisco County, California",4531,2398,233,0,1036,11,302,551,288,263,"Census Tract 216, San Francisco County, California",572,413,242,14,334,18,305,295,212,198
G0600750021700,2020-2024,CA,,,California,06,San Francisco County,075,,,021700,,,,,,,,,,,,,,,,,,,,,,,1400000US06075021700,,,06075021700,"Census Tract 217, San Francisco County, California",4432,2099,355,28,827,0,384,739,127,612,"Census Tract 217, San Francisco County, California",643,457,161,29,209,14,219,315,88,284
G0600750021800,2020-2024,CA,,,California,06,San Francisco County,075,,,021800,,,,,,,,,,,,,,,,,,,,,,,1400000US06075021800,,,06075021800,"Census Tract 218, San Francisco County, California",4208,2748,46,27,605,0,144,638,286,352,"Census Tract 218, San Francisco County, California",502,370,34,39,218,14,111,193,126,137
G0600750022600,2020-2024,CA,,,California,06,San Francisco County,075,,,022600,,,,,,,,,,,,,,,,,,,,,,,1400000US06075022600,,,06075022600,"Census Tract 226, San Francisco County, California",4452,2042,74,0,1519,20,279,518,116,402,"Census Tract 226, San Francisco County, California",435,355,62,14,223,34,147,217,63,201
G0600750022702,2020-2024,CA,,,California,06,San Francisco County,075,,,022702,,,,,,,,,,,,,,,,,,,,,,,1400000US06075022702,,,06075022702,"Census Tract 227.02, San Francisco County, California",1960,889,1,2,605,0,126,337,173,164,"Census Tract 227.02, San Francisco County, California",374,224,2,3,276,14,75,153,103,119
G0600750022704,2020-2024,CA,,,California,06,San Francisco County,075,,,022704,,,,,,,,,,,,,,,,,,,,,,,1400000US06075022704,,,06075022704,"Census Tract 227.04, San Francisco County, California",4026,1970,118,0,1037,0,348,553,184,369,"Census Tract 227.04, San Francisco County, California",527,308,81,14,249,14,357,182,119,116
G0600750022801,2020-2024,CA,,,California,06,San Francisco County,075,,,022801,,,,,,,,,,,,,,,,,,,,,,,1400000US06075022801,,,06075022801,"Census Tract 228.01, San Francisco County, California",4765,1913,780,325,538,28,630,551,334,217,"Census Tract 228.01, San Francisco County, California",944,432,754,315,203,54,306,358,335,150
G0600750022802,2020-2024,CA,,,California,06,San Francisco County,075,,,022802,,,,,,,,,,,,,,,,,,,,,,,1400000US06075022802,,,06075022802,"Census Tract 228.02, San Francisco County, California",2103,1028,106,21,267,1,270,410,253,157,"Census Tract 228.02, San Francisco County, California",255,261,56,42,146,3,102,182,149,118
G0600750022803,2020-2024,CA,,,California,06,San Francisco County,075,,,022803,,,,,,,,,,,,,,,,,,,,,,,1400000US06075022803,,,06075022803,"Census Tract 228.03, San Francisco County, California",4117,1411,129,0,634,0,1409,534,279,255,"Census Tract 228.03, San Francisco County, California",627,308,95,14,261,14,507,230,190,115
G0600750022901,2020-2024,CA,,,California,06,San Francisco County,075,,,022901,,,,,,,,,,,,,,,,,,,,,,,1400000US06075022901,,,06075022901,"Census Tract 229.01, San Francisco County, California",4542,1195,86,182,429,0,1788,862,636,226,"Census Tract 229.01, San Francisco County, California",646,415,110,273,168,14,784,430,404,115
G0600750022902,2020-2024,CA,,,California,06,San Francisco County,075,,,022902,,,,,,,,,,,,,,,,,,,,,,,1400000US06075022902,,,06075022902,"Census Tract 229.02, San Francisco County, California",1891,709,139,20,322,0,351,350,229,121,"Census Tract 229.02, San Francisco County, California",255,203,195,29,144,14,160,114,107,75
G0600750022903,2020-2024,CA,,,California,06,San Francisco County,075,,,022903,,,,,,,,,,,,,,,,,,,,,,,1400000US06075022903,,,06075022903,"Census Tract 229.03, San Francisco County, California",2798,1388,85,54,408,0,291,572,201,371,"Census Tract 229.03, San Francisco County, California",543,321,73,85,171,14,176,228,128,214
G0600750023001,2020-2024,CA,,,California,06,San Francisco County,075,,,023001,,,,,,,,,,,,,,,,,,,,,,,1400000US06075023001,,,06075023001,"Census Tract 230.01, San Francisco County, California",5108,563,302,134,3341,0,482,286,241,45,"Census Tract 230.01, San Francisco County, California",785,317,171,180,612,19,228,209,201,51
G0600750023003,2020-2024,CA,,,California,06,San Francisco County,075,,,023003,,,,,,,,,,,,,,,,,,,,,,,1400000US06075023003,,,06075023003,"Census Tract 230.03, San Francisco County, California",3812,439,324,0,2287,25,374,363,202,161,"Census Tract 230.03, San Francisco County, California",447,121,187,14,419,44,234,251,245,107
G0600750023102,2020-2024,CA,,,California,06,San Francisco County,075,,,023102,,,,,,,,,,,,,,,,,,,,,,,1400000US06075023102,,,06075023102,"Census Tract 231.02, San Francisco County, California",3231,135,1570,0,378,0,638,510,123,387,"Census Tract 231.02, San Francisco County, California",709,126,703,14,226,14,422,278,75,276
G0600750023103,2020-2024,CA,,,California,06,San Francisco County,075,,,023103,,,,,,,,,,,,,,,,,,,,,,,1400000US06075023103,,,06075023103,"Census Tract 231.03, San Francisco County, California",4545,56,2239,48,634,499,639,430,221,209,"Census Tract 231.03, San Francisco County, California",645,108,623,90,294,273,352,223,194,146
G0600750023200,2020-2024,CA,,,California,06,San Francisco County,075,,,023200,,,,,,,,,,,,,,,,,,,,,,,1400000US06075023200,,,06075023200,"Census Tract 232, San Francisco County, California",3570,464,808,8,1168,8,887,227,119,108,"Census Tract 232, San Francisco County, California",739,279,346,15,670,14,260,143,124,76
G0600750023300,2020-2024,CA,,,California,06,San Francisco County,075,,,023300,,,,,,,,,,,,,,,,,,,,,,,1400000US06075023300,,,06075023300,"Census Tract 233, San Francisco County, California",3818,528,419,0,2095,0,464,312,55,257,"Census Tract 233, San Francisco County, California",517,140,252,14,437,14,230,162,48,143
G0600750023400,2020-2024,CA,,,California,06,San Francisco County,075,,,023400,,,,,,,,,,,,,,,,,,,,,,,1400000US06075023400,,,06075023400,"Census Tract 234, San Francisco County, California",3536,125,905,5,971,5,827,698,289,409,"Census Tract 234, San Francisco County, California",794,74,346,8,545,12,255,332,197,290
G0600750025100,2020-2024,CA,,,California,06,San Francisco County,075,,,025100,,,,,,,,,,,,,,,,,,,,,,,1400000US06075025100,,,06075025100,"Census Tract 251, San Francisco County, California",3504,2091,55,18,734,23,193,390,198,192,"Census Tract 251, San Francisco County, California",580,460,35,17,362,33,136,207,182,88
G0600750025200,2020-2024,CA,,,California,06,San Francisco County,075,,,025200,,,,,,,,,,,,,,,,,,,,,,,1400000US06075025200,,,06075025200,"Census Tract 252, San Francisco County, California",5415,3232,74,0,532,0,375,1202,686,516,"Census Tract 252, San Francisco County, California",686,462,73,19,252,19,249,577,458,349
G0600750025300,2020-2024,CA,,,California,06,San Francisco County,075,,,025300,,,,,,,,,,,,,,,,,,,,,,,1400000US06075025300,,,06075025300,"Census Tract 253, San Francisco County, California",4302,2166,55,45,378,0,1101,557,297,260,"Census Tract 253, San Francisco County, California",931,190,53,49,116,14,737,250,118,220
G0600750025401,2020-2024,CA,,,California,06,San Francisco County,075,,,025401,,,,,,,,,,,,,,,,,,,,,,,1400000US06075025401,,,06075025401,"Census Tract 254.01, San Francisco County, California",3567,1820,147,9,296,0,250,1045,266,779,"Census Tract 254.01, San Francisco County, California",674,413,129,16,131,14,186,555,143,521
G0600750025402,2020-2024,CA,,,California,06,San Francisco County,075,,,025402,,,,,,,,,,,,,,,,,,,,,,,1400000US06075025402,,,06075025402,"Census Tract 254.02, San Francisco County, California",2901,1305,69,11,455,0,789,272,75,197,"Census Tract 254.02, San Francisco County, California",712,261,51,15,107,14,681,118,57,113
G0600750025403,2020-2024,CA,,,California,06,San Francisco County,075,,,025403,,,,,,,,,,,,,,,,,,,,,,,1400000US06075025403,,,06075025403,"Census Tract 254.03, San Francisco County, California",4410,1191,246,33,1242,0,582,1116,895,221,"Census Tract 254.03, San Francisco County, California",649,217,213,36,480,14,432,409,400,112
G0600750025501,2020-2024,CA,,,California,06,San Francisco County,075,,,025501,,,,,,,,,,,,,,,,,,,,,,,1400000US06075025501,,,06075025501,"Census Tract 255.01, San Francisco County, California",4235,555,78,10,1498,11,1575,508,195,313,"Census Tract 255.01, San Francisco County, California",1414,197,96,16,493,20,1200,287,236,160
G0600750025502,2020-2024,CA,,,California,06,San Francisco County,075,,,025502,,,,,,,,,,,,,,,,,,,,,,,1400000US06075025502,,,06075025502,"Census Tract 255.02, San Francisco County, California",3739,1070,58,8,1314,58,556,675,294,381,"Census Tract 255.02, San Francisco County, California",624,306,49,10,409,53,347,223,135,212
G0600750025600,2020-2024,CA,,,California,06,San Francisco County,075,,,025600,,,,,,,,,,,,,,,,,,,,,,,1400000US06075025600,,,06075025600,"Census Tract 256, San Francisco County, California",5419,1134,116,0,2939,39,891,300,47,253,"Census Tract 256, San Francisco County, California",673,313,136,19,648,52,466,190,58,173
G0600750025701,2020-2024,CA,,,California,06,San Francisco County,075,,,025701,,,,,,,,,,,,,,,,,,,,,,,1400000US06075025701,,,06075025701,"Census Tract 257.01, San Francisco County, California",4604,683,106,0,3235,0,379,201,88,113,"Census Tract 257.01, San Francisco County, California",929,219,66,14,875,14,227,102,78,70
G0600750025702,2020-2024,CA,,,California,06,San Francisco County,075,,,025702,,,,,,,,,,,,,,,,,,,,,,,1400000US06075025702,,,06075025702,"Census Tract 257.02, San Francisco County, California",4545,874,45,0,2941,0,345,340,235,105,"Census Tract 257.02, San Francisco County, California",570,488,67,14,412,14,287,226,185,112
G0600750025800,2020-2024,CA,,,California,06,San Francisco County,075,,,025800,,,,,,,,,,,,,,,,,,,,,,,1400000US06075025800,,,06075025800,"Census Tract 258, San Francisco County, California",1603,140,96,0,1201,0,11,155,96,59,"Census Tract 258, San Francisco County, California",374,72,81,14,369,14,17,97,92,48
G0600750025900,2020-2024,CA,,,California,06,San Francisco County,075,,,025900,,,,,,,,,,,,,,,,,,,,,,,1400000US06075025900,,,06075025900,"Census Tract 259, San Francisco County, California",4034,783,112,0,2252,0,606,281,87,194,"Census Tract 259, San Francisco County, California",566,211,80,14,362,14,400,154,63,138
G0600750026001,2020-2024,CA,,,California,06,San Francisco County,075,,,026001,,,,,,,,,,,,,,,,,,,,,,,1400000US06075026001,,,06075026001,"Census Tract 260.01, San Francisco County, California",5625,891,234,156,2607,11,1049,677,557,120,"Census Tract 260.01, San Francisco County, California",945,297,232,218,845,33,509,289,279,105
G0600750026002,2020-2024,CA,,,California,06,San Francisco County,075,,,026002,,,,,,,,,,,,,,,,,,,,,,,1400000US06075026002,,,06075026002,"Census Tract 260.02, San Francisco County, California",3641,1074,183,40,1194,0,557,593,385,208,"Census Tract 260.02, San Francisco County, California",389,150,190,46,315,14,202,237,193,129
G0600750026003,2020-2024,CA,,,California,06,San Francisco County,075,,,026003,,,,,,,,,,,,,,,,,,,,,,,1400000US06075026003,,,06075026003,"Census Tract 260.03, San Francisco County, California",4639,674,77,66,2057,0,1019,746,406,340,"Census Tract 260.03, San Francisco County, California",639,258,79,74,421,14,441,315,287,210
G0600750026004,2020-2024,CA,,,California,06,San Francisco County,075,,,026004,,,,,,,,,,,,,,,,,,,,,,,1400000US06075026004,,,06075026004,"Census Tract 260.04, San Francisco County, California",3840,797,367,77,1570,52,422,555,403,152,"Census Tract 260.04, San Francisco County, California",421,261,369,89,340,71,174,304,283,105
G0600750026100,2020-2024,CA,,,California,06,San Francisco County,075,,,026100,,,,,,,,,,,,,,,,,,,,,,,1400000US06075026100,,,06075026100,"Census Tract 261, San Francisco County, California",6811,538,0,118,4433,28,1129,565,368,197,"Census Tract 261, San Francisco County, California",906,166,19,162,819,45,452,281,218,175
G0600750026201,2020-2024,CA,,,California,06,San Francisco County,075,,,026201,,,,,,,,,,,,,,,,,,,,,,,1400000US06075026201,,,06075026201,"Census Tract 262.01, San Francisco County, California",3856,366,8,0,2742,19,622,99,69,30,"Census Tract 262.01, San Francisco County, California",496,187,6,14,585,31,253,59,53,32
G0600750026202,2020-2024,CA,,,California,06,San Francisco County,075,,,026202,,,,,,,,,,,,,,,,,,,,,,,1400000US06075026202,,,06075026202,"Census Tract 262.02, San Francisco County, California",3706,482,46,63,2666,7,164,278,267,11,"Census Tract 262.02, San Francisco County, California",635,133,42,97,658,14,129,146,145,18
G0600750026301,2020-2024,CA,,,California,06,San Francisco County,075,,,026301,,,,,,,,,,,,,,,,,,,,,,,1400000US06075026301,,,06075026301,"Census Tract 263.01, San Francisco County, California",5019,777,43,0,2958,46,693,502,412,90,"Census Tract 263.01, San Francisco County, California",755,328,66,19,626,71,418,233,230,106
G0600750026302,2020-2024,CA,,,California,06,San Francisco County,075,,,026302,,,,,,,,,,,,,,,,,,,,,,,1400000US06075026302,,,06075026302,"Census Tract 263.02, San Francisco County, California",4302,494,166,63,2229,9,917,424,307,117,"Census Tract 263.02, San Francisco County, California",572,198,119,95,471,16,292,214,182,73
G0600750026303,2020-2024,CA,,,California,06,San Francisco County,075,,,026303,,,,,,,,,,,,,,,,,,,,,,,1400000US06075026303,,,06075026303,"Census Tract 263.03, San Francisco County, California",4600,497,20,35,3275,14,270,489,395,94,"Census Tract 263.03, San Francisco County, California",636,236,10,45,510,29,344,339,302,72
G0600750026401,2020-2024,CA,,,California,06,San Francisco County,075,,,026401,,,,,,,,,,,,,,,,,,,,,,,1400000US06075026401,,,06075026401,"Census Tract 264.01, San Francisco County, California",3194,300,340,25,1873,94,305,257,147,110,"Census Tract 264.01, San Francisco County, California",498,299,115,38,402,124,169,153,106,125
G0600750026402,2020-2024,CA,,,California,06,San Francisco County,075,,,026402,,,,,,,,,,,,,,,,,,,,,,,1400000US06075026402,,,06075026402,"Census Tract 264.02, San Francisco County, California",4660,1012,208,10,2602,45,395,388,220,168,"Census Tract 264.02, San Francisco County, California",1346,950,127,17,751,53,288,192,156,102
G0600750026403,2020-2024,CA,,,California,06,San Francisco County,075,,,026403,,,,,,,,,,,,,,,,,,,,,,,1400000US06075026403,,,06075026403,"Census Tract 264.03, San Francisco County, California",3685,273,238,0,2575,0,422,177,95,82,"Census Tract 264.03, San Francisco County, California",594,189,211,14,600,14,307,159,129,89
G0600750026404,2020-2024,CA,,,California,06,San Francisco County,075,,,026404,,,,,,,,,,,,,,,,,,,,,,,1400000US06075026404,,,06075026404,"Census Tract 264.04, San Francisco County, California",2422,164,177,0,1518,0,354,209,137,72,"Census Tract 264.04, San Francisco County, California",294,95,86,14,280,14,174,158,128,63
G0600750030101,2020-2024,CA,,,California,06,San Francisco County,075,,,030101,,,,,,,,,,,,,,,,,,,,,,,1400000US06075030101,,,06075030101,"Census Tract 301.01, San Francisco County, California",4389,1988,93,49,1480,10,163,606,306,300,"Census Tract 301.01, San Francisco County, California",666,371,122,56,569,20,118,236,160,174
G0600750030102,2020-2024,CA,,,California,06,San Francisco County,075,,,030102,,,,,,,,,,,,,,,,,,,,,,,1400000US06075030102,,,06075030102,"Census Tract 301.02, San Francisco County, California",5120,2648,288,0,1433,0,111,640,207,433,"Census Tract 301.02, San Francisco County, California",413,503,193,19,430,19,69,278,104,263
G0600750030201,2020-2024,CA,,,California,06,San Francisco County,075,,,030201,,,,,,,,,,,,,,,,,,,,,,,1400000US06075030201,,,06075030201,"Census Tract 302.01, San Francisco County, California",3841,2051,25,0,1036,0,507,222,88,134,"Census Tract 302.01, San Francisco County, California",649,384,30,14,206,14,480,111,71,90
G0600750030202,2020-2024,CA,,,California,06,San Francisco County,075,,,030202,,,,,,,,,,,,,,,,,,,,,,,1400000US06075030202,,,06075030202,"Census Tract 302.02, San Francisco County, California",4082,1992,65,0,1341,0,164,520,90,430,"Census Tract 302.02, San Francisco County, California",614,455,55,14,421,14,171,240,70,219
G0600750030301,2020-2024,CA,,,California,06,San Francisco County,075,,,030301,,,,,,,,,,,,,,,,,,,,,,,1400000US06075030301,,,06075030301,"Census Tract 303.01, San Francisco County, California",6160,2702,115,0,2419,0,60,864,603,261,"Census Tract 303.01, San Francisco County, California",745,587,118,19,561,19,66,413,384,142
G0600750030302,2020-2024,CA,,,California,06,San Francisco County,075,,,030302,,,,,,,,,,,,,,,,,,,,,,,1400000US06075030302,,,06075030302,"Census Tract 303.02, San Francisco County, California",3552,1381,82,9,1661,0,120,299,79,220,"Census Tract 303.02, San Francisco County, California",398,347,79,13,330,14,88,122,72,111
G0600750030400,2020-2024,CA,,,California,06,San Francisco County,075,,,030400,,,,,,,,,,,,,,,,,,,,,,,1400000US06075030400,,,06075030400,"Census Tract 304, San Francisco County, California",5116,1670,51,18,2479,0,413,485,221,264,"Census Tract 304, San Francisco County, California",523,260,47,27,426,19,374,226,208,115
G0600750030500,2020-2024,CA,,,California,06,San Francisco County,075,,,030500,,,,,,,,,,,,,,,,,,,,,,,1400000US06075030500,,,06075030500,"Census Tract 305, San Francisco County, California",3641,1696,321,3,924,0,185,512,356,156,"Census Tract 305, San Francisco County, California",393,314,196,10,196,14,126,237,226,94
G0600750030600,2020-2024,CA,,,California,06,San Francisco County,075,,,030600,,,,,,,,,,,,,,,,,,,,,,,1400000US06075030600,,,06075030600,"Census Tract 306, San Francisco County, California",2258,1196,27,0,613,0,18,404,173,231,"Census Tract 306, San Francisco County, California",318,176,36,14,128,14,18,155,113,99
G0600750030700,2020-2024,CA,,,California,06,San Francisco County,075,,,030700,,,,,,,,,,,,,,,,,,,,,,,1400000US06075030700,,,06075030700,"Census Tract 307, San Francisco County, California",6624,3677,24,59,2198,13,57,596,274,322,"Census Tract 307, San Francisco County, California",586,525,49,62,582,20,69,273,189,165
G0600750030800,2020-2024,CA,,,California,06,San Francisco County,075,,,030800,,,,,,,,,,,,,,,,,,,,,,,1400000US06075030800,,,06075030800,"Census Tract 308, San Francisco County, California",5694,3090,110,0,1518,15,33,928,487,441,"Census Tract 308, San Francisco County, California",1153,1150,97,19,245,26,38,430,330,228
G0600750030900,2020-2024,CA,,,California,06,San Francisco County,075,,,030900,,,,,,,,,,,,,,,,,,,,,,,1400000US06075030900,,,06075030900,"Census Tract 309, San Francisco County, California",6548,2638,35,150,2332,0,123,1270,216,1054,"Census Tract 309, San Francisco County, California",904,577,34,166,512,19,110,500,215,442
G0600750031000,2020-2024,CA,,,California,06,San Francisco County,075,,,031000,,,,,,,,,,,,,,,,,,,,,,,1400000US06075031000,,,06075031000,"Census Tract 310, San Francisco County, California",4374,1964,293,0,1312,0,481,324,135,189,"Census Tract 310, San Francisco County, California",555,423,181,14,313,14,441,137,70,114
G0600750031100,2020-2024,CA,,,California,06,San Francisco County,075,,,031100,,,,,,,,,,,,,,,,,,,,,,,1400000US06075031100,,,06075031100,"Census Tract 311, San Francisco County, California",6073,2537,195,0,2312,0,430,599,334,265,"Census Tract 311, San Francisco County, California",901,447,147,19,714,19,192,249,179,142
G0600750031201,2020-2024,CA,,,California,06,San Francisco County,075,,,031201,,,,,,,,,,,,,,,,,,,,,,,1400000US06075031201,,,06075031201,"Census Tract 312.01, San Francisco County, California",6176,1217,250,32,3701,0,433,543,379,164,"Census Tract 312.01, San Francisco County, California",1173,286,170,34,1061,19,218,275,255,123
G0600750031202,2020-2024,CA,,,California,06,San Francisco County,075,,,031202,,,,,,,,,,,,,,,,,,,,,,,1400000US06075031202,,,06075031202,"Census Tract 312.02, San Francisco County, California",2869,289,86,0,2028,0,341,125,44,81,"Census Tract 312.02, San Francisco County, California",408,100,52,14,381,14,153,72,46,55
G0600750031301,2020-2024,CA,,,California,06,San Francisco County,075,,,031301,,,,,,,,,,,,,,,,,,,,,,,1400000US06075031301,,,06075031301,"Census Tract 313.01, San Francisco County, California",3697,752,317,0,2097,0,147,384,258,126,"Census Tract 313.01, San Francisco County, California",590,244,204,14,538,14,120,136,116,71
G0600750031302,2020-2024,CA,,,California,06,San Francisco County,075,,,031302,,,,,,,,,,,,,,,,,,,,,,,1400000US06075031302,,,06075031302,"Census Tract 313.02, San Francisco County, California",4890,779,271,0,2646,22,728,444,109,335,"Census Tract 313.02, San Francisco County, California",533,254,170,14,480,36,485,239,100,226
G0600750031401,2020-2024,CA,,,California,06,San Francisco County,075,,,031401,,,,,,,,,,,,,,,,,,,,,,,1400000US06075031401,,,06075031401,"Census Tract 314.01, San Francisco County, California",2533,216,197,117,1475,0,335,193,82,111,"Census Tract 314.01, San Francisco County, California",396,157,113,127,335,14,206,83,62,83
G0600750031402,2020-2024,CA,,,California,06,San Francisco County,075,,,031402,,,,,,,,,,,,,,,,,,,,,,,1400000US06075031402,,,06075031402,"Census Tract 314.02, San Francisco County, California",4199,682,736,0,1900,9,449,423,265,158,"Census Tract 314.02, San Francisco County, California",697,372,329,14,375,14,345,351,303,195
G0600750032601,2020-2024,CA,,,California,06,San Francisco County,075,,,032601,,,,,,,,,,,,,,,,,,,,,,,1400000US06075032601,,,06075032601,"Census Tract 326.01, San Francisco County, California",4338,1575,41,25,1937,1,71,688,366,322,"Census Tract 326.01, San Francisco County, California",597,327,46,39,402,5,77,329,279,175
G0600750032602,2020-2024,CA,,,California,06,San Francisco County,075,,,032602,,,,,,,,,,,,,,,,,,,,,,,1400000US06075032602,,,06075032602,"Census Tract 326.02, San Francisco County, California",4118,1243,225,0,1925,6,123,596,128,468,"Census Tract 326.02, San Francisco County, California",522,240,240,14,376,45,107,286,103,262
G0600750032700,2020-2024,CA,,,California,06,San Francisco County,075,,,032700,,,,,,,,,,,,,,,,,,,,,,,1400000US06075032700,,,06075032700,"Census Tract 327, San Francisco County, California",6573,1791,11,8,3491,0,501,771,197,574,"Census Tract 327, San Francisco County, California",909,534,18,17,729,19,325,274,162,278
G0600750032801,2020-2024,CA,,,California,06,San Francisco County,075,,,032801,,,,,,,,,,,,,,,,,,,,,,,1400000US06075032801,,,06075032801,"Census Tract 328.01, San Francisco County, California",4021,778,13,0,2791,0,148,291,120,171,"Census Tract 328.01, San Francisco County, California",778,209,14,14,767,14,109,158,86,136
G0600750032802,2020-2024,CA,,,California,06,San Francisco County,075,,,032802,,,,,,,,,,,,,,,,,,,,,,,1400000US06075032802,,,06075032802,"Census Tract 328.02, San Francisco County, California",4268,1101,103,0,2626,158,22,258,69,189,"Census Tract 328.02, San Francisco County, California",750,300,131,14,725,189,29,175,51,165
G0600750032901,2020-2024,CA,,,California,06,San Francisco County,075,,,032901,,,,,,,,,,,,,,,,,,,,,,,1400000US06075032901,,,06075032901,"Census Tract 329.01, San Francisco County, California",6013,1184,225,0,3805,83,48,668,89,579,"Census Tract 329.01, San Francisco County, California",770,357,265,19,584,134,44,427,94,416
G0600750032902,2020-2024,CA,,,California,06,San Francisco County,075,,,032902,,,,,,,,,,,,,,,,,,,,,,,1400000US06075032902,,,06075032902,"Census Tract 329.02, San Francisco County, California",3720,668,41,9,2568,11,77,346,268,78,"Census Tract 329.02, San Francisco County, California",784,215,33,18,747,22,102,190,178,65
G0600750033001,2020-2024,CA,,,California,06,San Francisco County,075,,,033001,,,,,,,,,,,,,,,,,,,,,,,1400000US06075033001,,,06075033001,"Census Tract 330.01, San Francisco County, California",3911,703,3,0,2582,0,195,428,265,163,"Census Tract 330.01, San Francisco County, California",589,141,18,14,694,14,139,271,237,168
G0600750033002,2020-2024,CA,,,California,06,San Francisco County,075,,,033002,,,,,,,,,,,,,,,,,,,,,,,1400000US06075033002,,,06075033002,"Census Tract 330.02, San Francisco County, California",4015,1707,25,23,1757,0,84,419,114,305,"Census Tract 330.02, San Francisco County, California",542,618,34,35,337,14,65,175,87,174
G0600750033100,2020-2024,CA,,,California,06,San Francisco County,075,,,033100,,,,,,,,,,,,,,,,,,,,,,,1400000US06075033100,,,06075033100,"Census Tract 331, San Francisco County, California",3755,1097,64,0,2279,10,24,281,24,257,"Census Tract 331, San Francisco County, California",489,317,67,14,372,16,25,164,36,168
G0600750033201,2020-2024,CA,,,California,06,San Francisco County,075,,,033201,,,,,,,,,,,,,,,,,,,,,,,1400000US06075033201,,,06075033201,"Census Tract 332.01, San Francisco County, California",3316,990,294,55,1057,18,446,456,234,222,"Census Tract 332.01, San Francisco County, California",429,166,162,57,344,22,169,133,104,78
G0600750033203,2020-2024,CA,,,California,06,San Francisco County,075,,,033203,,,,,,,,,,,,,,,,,,,,,,,1400000US06075033203,,,06075033203,"Census Tract 332.03, San Francisco County, California",2895,735,259,52,1261,0,259,329,84,245,"Census Tract 332.03, San Francisco County, California",490,210,174,71,424,14,160,245,56,239
G0600750033204,2020-2024,CA,,,California,06,San Francisco County,075,,,033204,,,,,,,,,,,,,,,,,,,,,,,1400000US06075033204,,,06075033204,"Census Tract 332.04, San Francisco County, California",3816,871,494,39,1226,7,298,881,680,201,"Census Tract 332.04, San Francisco County, California",702,389,297,43,539,13,216,351,330,112
G0600750035101,2020-2024,CA,,,California,06,San Francisco County,075,,,035101,,,,,,,,,,,,,,,,,,,,,,,1400000US06075035101,,,06075035101,"Census Tract 351.01, San Francisco County, California",3748,1820,132,0,1422,0,85,289,94,195,"Census Tract 351.01, San Francisco County, California",941,712,133,14,231,14,78,148,99,111
G0600750035102,2020-2024,CA,,,California,06,San Francisco County,075,,,035102,,,,,,,,,,,,,,,,,,,,,,,1400000US06075035102,,,06075035102,"Census Tract 351.02, San Francisco County, California",3755,1151,0,1,2377,0,26,200,143,57,"Census Tract 351.02, San Francisco County, California",479,356,14,2,388,14,29,115,103,49
G0600750035201,2020-2024,CA,,,California,06,San Francisco County,075,,,035201,,,,,,,,,,,,,,,,,,,,,,,1400000US06075035201,,,06075035201,"Census Tract 352.01, San Francisco County, California",5020,1737,32,0,2649,0,114,488,270,218,"Census Tract 352.01, San Francisco County, California",792,200,30,19,520,19,69,312,191,157
G0600750035202,2020-2024,CA,,,California,06,San Francisco County,075,,,035202,,,,,,,,,,,,,,,,,,,,,,,1400000US06075035202,,,06075035202,"Census Tract 352.02, San Francisco County, California",4188,1571,90,0,1702,0,112,713,531,182,"Census Tract 352.02, San Francisco County, California",677,332,132,14,359,14,83,482,469,78
G0600750035300,2020-2024,CA,,,California,06,San Francisco County,075,,,035300,,,,,,,,,,,,,,,,,,,,,,,1400000US06075035300,,,06075035300,"Census Tract 353, San Francisco County, California",6525,2163,6,1,3536,59,550,210,87,123,"Census Tract 353, San Francisco County, California",739,514,10,4,569,80,484,147,87,104
G0600750035400,2020-2024,CA,,,California,06,San Francisco County,075,,,035400,,,,,,,,,,,,,,,,,,,,,,,1400000US06075035400,,,06075035400,"Census Tract 354, San Francisco County, California",7140,2187,76,43,2927,0,77,1830,570,1260,"Census Tract 354, San Francisco County, California",1424,379,107,48,339,19,63,1281,300,1253
G0600750040100,2020-2024,CA,,,California,06,San Francisco County,075,,,040100,,,,,,,,,,,,,,,,,,,,,,,1400000US06075040100,,,06075040100,"Census Tract 401, San Francisco County, California",4315,1912,8,0,1518,0,20,857,537,320,"Census Tract 401, San Francisco County, California",813,379,17,14,337,14,32,566,546,152
G0600750040200,2020-2024,CA,,,California,06,San Francisco County,075,,,040200,,,,,,,,,,,,,,,,,,,,,,,1400000US06075040200,,,06075040200,"Census Tract 402, San Francisco County, California",4719,2488,51,0,1592,0,92,496,157,339,"Census Tract 402, San Francisco County, California",690,442,57,14,592,14,107,237,119,188
G0600750042601,2020-2024,CA,,,California,06,San Francisco County,075,,,042601,,,,,,,,,,,,,,,,,,,,,,,1400000US06075042601,,,06075042601,"Census Tract 426.01, San Francisco County, California",4342,1971,26,26,1561,0,100,658,283,375,"Census Tract 426.01, San Francisco County, California",786,546,25,27,506,14,79,318,202,259
G0600750042602,2020-2024,CA,,,California,06,San Francisco County,075,,,042602,,,,,,,,,,,,,,,,,,,,,,,1400000US06075042602,,,06075042602,"Census Tract 426.02, San Francisco County, California",3202,1497,20,34,1156,0,40,455,293,162,"Census Tract 426.02, San Francisco County, California",389,296,23,52,217,14,50,275,271,103
G0600750042700,2020-2024,CA,,,California,06,San Francisco County,075,,,042700,,,,,,,,,,,,,,,,,,,,,,,1400000US06075042700,,,06075042700,"Census Tract 427, San Francisco County, California",5134,1782,263,27,2432,38,104,488,191,297,"Census Tract 427, San Francisco County, California",509,353,204,31,437,58,100,196,167,144
G0600750042800,2020-2024,CA,,,California,06,San Francisco County,075,,,042800,,,,,,,,,,,,,,,,,,,,,,,1400000US06075042800,,,06075042800,"Census Tract 428, San Francisco County, California",2471,1600,31,0,551,0,36,253,140,113,"Census Tract 428, San Francisco County, California",235,237,49,14,140,14,40,107,90,58
G0600750045100,2020-2024,CA,,,California,06,San Francisco County,075,,,045100,,,,,,,,,,,,,,,,,,,,,,,1400000US06075045100,,,06075045100,"Census Tract 451, San Francisco County, California",4713,2539,5,105,1311,0,329,424,125,299,"Census Tract 451, San Francisco County, California",876,798,12,113,341,14,236,264,137,223
G0600750045201,2020-2024,CA,,,California,06,San Francisco County,075,,,045201,,,,,,,,,,,,,,,,,,,,,,,1400000US06075045201,,,06075045201,"Census Tract 452.01, San Francisco County, California",3045,1286,130,0,1194,0,111,324,98,226,"Census Tract 452.01, San Francisco County, California",309,181,129,14,262,14,136,169,79,148
G0600750045202,2020-2024,CA,,,California,06,San Francisco County,075,,,045202,,,,,,,,,,,,,,,,,,,,,,,1400000US06075045202,,,06075045202,"Census Tract 452.02, San Francisco County, California",3332,1483,45,0,1230,72,186,316,82,234,"Census Tract 452.02, San Francisco County, California",829,752,45,14,376,110,145,211,59,193
G0600750047600,2020-2024,CA,,,California,06,San Francisco County,075,,,047600,,,,,,,,,,,,,,,,,,,,,,,1400000US06075047600,,,06075047600,"Census Tract 476, San Francisco County, California",5098,1869,78,17,2370,0,165,599,89,510,"Census Tract 476, San Francisco County, California",782,632,65,28,597,19,201,306,88,299
G0600750047701,2020-2024,CA,,,California,06,San Francisco County,075,,,047701,,,,,,,,,,,,,,,,,,,,,,,1400000US06075047701,,,06075047701,"Census Tract 477.01, San Francisco County, California",4724,1496,38,0,2305,7,424,454,121,333,"Census Tract 477.01, San Francisco County, California",628,302,48,14,549,15,319,221,117,194
G0600750047702,2020-2024,CA,,,California,06,San Francisco County,075,,,047702,,,,,,,,,,,,,,,,,,,,,,,1400000US06075047702,,,06075047702,"Census Tract 477.02, San Francisco County, California",3135,1363,33,0,1450,0,34,255,47,208,"Census Tract 477.02, San Francisco County, California",497,321,50,14,317,14,41,133,49,132
G0600750047801,2020-2024,CA,,,California,06,San Francisco County,075,,,047801,,,,,,,,,,,,,,,,,,,,,,,1400000US06075047801,,,06075047801,"Census Tract 478.01, San Francisco County, California",4132,1582,47,18,2006,0,54,425,273,152,"Census Tract 478.01, San Francisco County, California",426,360,42,22,313,14,43,179,161,89
G0600750047802,2020-2024,CA,,,California,06,San Francisco County,075,,,047802,,,,,,,,,,,,,,,,,,,,,,,1400000US06075047802,,,06075047802,"Census Tract 478.02, San Francisco County, California",3581,1532,15,0,1542,0,278,214,89,125,"Census Tract 478.02, San Francisco County, California",650,231,20,14,585,14,260,146,89,97
G0600750047902,2020-2024,CA,,,California,06,San Francisco County,075,,,047902,,,,,,,,,,,,,,,,,,,,,,,1400000US06075047902,,,06075047902,"Census Tract 479.02, San Francisco County, California",3236,1513,0,53,1131,0,10,529,319,210,"Census Tract 479.02, San Francisco County, California",492,270,14,62,279,14,15,217,174,108
G0600750047903,2020-2024,CA,,,California,06,San Francisco County,075,,,047903,,,,,,,,,,,,,,,,,,,,,,,1400000US06075047903,,,06075047903,"Census Tract 479.03, San Francisco County, California",3348,1846,28,0,1157,0,4,313,91,222,"Census Tract 479.03, San Francisco County, California",596,402,37,14,371,14,9,121,76,108
G0600750047904,2020-2024,CA,,,California,06,San Francisco County,075,,,047904,,,,,,,,,,,,,,,,,,,,,,,1400000US06075047904,,,06075047904,"Census Tract 479.04, San Francisco County, California",3077,1554,93,0,867,0,283,280,93,187,"Census Tract 479.04, San Francisco County, California",635,462,84,14,260,14,336,112,66,80
G0600750060100,2020-2024,CA,,,California,06,San Francisco County,075,,,060100,,,,,,,,,,,,,,,,,,,,,,,1400000US06075060100,,,06075060100,"Census Tract 601, San Francisco County, California",3901,2271,57,24,196,0,328,1025,543,482,"Census Tract 601, San Francisco County, California",645,362,80,38,97,14,199,644,502,432
G0600750060400,2020-2024,CA,,,California,06,San Francisco County,075,,,060400,,,,,,,,,,,,,,,,,,,,,,,1400000US06075060400,,,06075060400,"Census Tract 604, San Francisco County, California",1935,647,86,0,662,0,59,481,123,358,"Census Tract 604, San Francisco County, California",413,129,56,14,261,14,60,364,87,311
G0600750060502,2020-2024,CA,,,California,06,San Francisco County,075,,,060502,,,,,,,,,,,,,,,,,,,,,,,1400000US06075060502,,,06075060502,"Census Tract 605.02, San Francisco County, California",2595,130,266,13,1043,203,624,316,148,168,"Census Tract 605.02, San Francisco County, California",526,84,159,19,358,217,209,184,139,141
G0600750060701,2020-2024,CA,,,California,06,San Francisco County,075,,,060701,,,,,,,,,,,,,,,,,,,,,,,1400000US06075060701,,,06075060701,"Census Tract 607.01, San Francisco County, California",8602,1678,1409,28,4146,0,337,1004,546,458,"Census Tract 607.01, San Francisco County, California",801,399,548,47,635,19,197,464,316,328
G0600750060702,2020-2024,CA,,,California,06,San Francisco County,075,,,060702,,,,,,,,,,,,,,,,,,,,,,,1400000US06075060702,,,06075060702,"Census Tract 607.02, San Francisco County, California",2608,569,370,4,1514,0,15,136,14,122,"Census Tract 607.02, San Francisco County, California",315,164,246,9,262,14,19,94,23,89
G0600750060703,2020-2024,CA,,,California,06,San Francisco County,075,,,060703,,,,,,,,,,,,,,,,,,,,,,,1400000US06075060703,,,06075060703,"Census Tract 607.03, San Francisco County, California",6388,2684,327,37,2507,136,213,484,187,297,"Census Tract 607.03, San Francisco County, California",1465,1500,186,56,394,165,165,230,148,233
G0600750061000,2020-2024,CA,,,California,06,San Francisco County,075,,,061000,,,,,,,,,,,,,,,,,,,,,,,1400000US06075061000,,,06075061000,"Census Tract 610, San Francisco County, California",4295,645,628,0,2431,0,201,390,253,137,"Census Tract 610, San Francisco County, California",578,320,253,14,432,14,141,197,165,114
G0600750061101,2020-2024,CA,,,California,06,San Francisco County,075,,,061101,,,,,,,,,,,,,,,,,,,,,,,1400000US06075061101,,,06075061101,"Census Tract 611.01, San Francisco County, California",1723,48,26,2,1590,0,0,57,15,42,"Census Tract 611.01, San Francisco County, California",504,40,33,6,504,14,14,67,26,52
G0600750061102,2020-2024,CA,,,California,06,San Francisco County,075,,,061102,,,,,,,,,,,,,,,,,,,,,,,1400000US06075061102,,,06075061102,"Census Tract 611.02, San Francisco County, California",1982,91,92,0,1653,0,82,64,40,24,"Census Tract 611.02, San Francisco County, California",349,124,139,14,367,14,131,43,36,26
G0600750061200,2020-2024,CA,,,California,06,San Francisco County,075,,,061200,,,,,,,,,,,,,,,,,,,,,,,1400000US06075061200,,,06075061200,"Census Tract 612, San Francisco County, California",4086,430,820,0,1124,0,1435,277,221,56,"Census Tract 612, San Francisco County, California",803,172,229,14,477,14,748,176,166,51
G0600750061401,2020-2024,CA,,,California,06,San Francisco County,075,,,061401,,,,,,,,,,,,,,,,,,,,,,,1400000US06075061401,,,06075061401,"Census Tract 614.01, San Francisco County, California",2815,1435,225,20,440,0,222,473,277,196,"Census Tract 614.01, San Francisco County, California",506,418,250,29,144,14,188,177,79,165
G0600750061402,2020-2024,CA,,,California,06,San Francisco County,075,,,061402,,,,,,,,,,,,,,,,,,,,,,,1400000US06075061402,,,06075061402,"Census Tract 614.02, San Francisco County, California",2760,1581,108,0,606,0,126,339,183,156,"Census Tract 614.02, San Francisco County, California",441,383,126,14,336,14,110,229,194,126
G0600750061501,2020-2024,CA,,,California,06,San Francisco County,075,,,061501,,,,,,,,,,,,,,,,,,,,,,,1400000US06075061501,,,06075061501,"Census Tract 615.01, San Francisco County, California",1862,842,36,0,775,28,98,83,34,49,"Census Tract 615.01, San Francisco County, California",483,353,46,14,382,43,151,87,46,76
G0600750061502,2020-2024,CA,,,California,06,San Francisco County,075,,,061502,,,,,,,,,,,,,,,,,,,,,,,1400000US06075061502,,,06075061502,"Census Tract 615.02, San Francisco County, California",2500,1784,53,0,294,0,147,222,22,200,"Census Tract 615.02, San Francisco County, California",587,594,58,14,119,14,146,140,28,144
G0600750061503,2020-2024,CA,,,California,06,San Francisco County,075,,,061503,,,,,,,,,,,,,,,,,,,,,,,1400000US06075061503,,,06075061503,"Census Tract 615.03, San Francisco County, California",3552,1247,17,31,1714,0,301,242,221,21,"Census Tract 615.03, San Francisco County, California",631,519,32,49,496,14,330,116,115,34
G0600750061504,2020-2024,CA,,,California,06,San Francisco County,075,,,061504,,,,,,,,,,,,,,,,,,,,,,,1400000US06075061504,,,06075061504,"Census Tract 615.04, San Francisco County, California",2133,430,108,0,1502,35,35,23,9,14,"Census Tract 615.04, San Francisco County, California",528,130,106,14,526,49,40,27,15,24
G0600750061505,2020-2024,CA,,,California,06,San Francisco County,075,,,061505,,,,,,,,,,,,,,,,,,,,,,,1400000US06075061505,,,06075061505,"Census Tract 615.05, San Francisco County, California",925,348,93,0,415,0,11,58,14,44,"Census Tract 615.05, San Francisco County, California",128,98,112,14,131,14,14,36,23,27
G0600750061506,2020-2024,CA,,,California,06,San Francisco County,075,,,061506,,,,,,,,,,,,,,,,,,,,,,,1400000US06075061506,,,06075061506,"Census Tract 615.06, San Francisco County, California",4429,1519,216,0,2470,0,0,224,16,208,"Census Tract 615.06, San Francisco County, California",993,469,243,14,865,14,14,201,27,197
G0600750061507,2020-2024,CA,,,California,06,San Francisco County,075,,,061507,,,,,,,,,,,,,,,,,,,,,,,1400000US06075061507,,,06075061507,"Census Tract 615.07, San Francisco County, California",1387,325,10,0,887,0,103,62,62,0,"Census Tract 615.07, San Francisco County, California",223,113,17,14,239,14,85,65,65,14
G0600750061508,2020-2024,CA,,,California,06,San Francisco County,075,,,061508,,,,,,,,,,,,,,,,,,,,,,,1400000US06075061508,,,06075061508,"Census Tract 615.08, San Francisco County, California",2307,640,171,25,824,24,49,574,204,370,"Census Tract 615.08, San Francisco County, California",337,288,109,40,240,49,65,240,150,203
G0600750980200,2020-2024,CA,,,California,06,San Francisco County,075,,,980200,,,,,,,,,,,,,,,,,,,,,,,1400000US06075980200,,,06075980200,"Census Tract 9802, San Francisco County, California",160,22,50,0,30,0,51,7,0,7,"Census Tract 9802, San Francisco County, California",12,27,66,14,41,14,42,9,14,9
G0600750980300,2020-2024,CA,,,California,06,San Francisco County,075,,,980300,,,,,,,,,,,,,,,,,,,,,,,1400000US06075980300,,,06075980300,"Census Tract 9803, San Francisco County, California",58,34,0,0,8,0,0,16,6,10,"Census Tract 9803, San Francisco County, California",29,26,14,14,8,14,14,13,11,7
G0600750980401,2020-2024,CA,,,California,06,San Francisco County,075,,,980401,,,,,,,,,,,,,,,,,,,,,,,1400000US06075980401,,,06075980401,"Census Tract 9804.01, San Francisco County, California",0,0,0,0,0,0,0,0,0,0,"Census Tract 9804.01, San Francisco County, California",14,14,14,14,14,14,14,14,14,14
G0600750980501,2020-2024,CA,,,California,06,San Francisco County,075,,,980501,,,,,,,,,,,,,,,,,,,,,,,1400000US06075980501,,,06075980501,"Census Tract 9805.01, San Francisco County, California",146,0,0,0,146,0,0,0,0,0,"Census Tract 9805.01, San Francisco County, California",52,14,14,14,52,14,14,14,14,14
G0600750980600,2020-2024,CA,,,California,06,San Francisco County,075,,,980600,,,,,,,,,,,,,,,,,,,,,,,1400000US06075980600,,,06075980600,"Census Tract 9806, San Francisco County, California",1295,246,285,45,473,0,93,153,56,97,"Census Tract 9806, San Francisco County, California",182,123,105,73,146,14,71,73,55,53
G0600750980900,2020-2024,CA,,,California,06,San Francisco County,075,,,980900,,,,,,,,,,,,,,,,,,,,,,,1400000US06075980900,,,06075980900,"Census Tract 9809, San Francisco County, California",439,92,60,0,241,0,11,35,4,31,"Census Tract 9809, San Francisco County, California",157,64,74,14,136,14,15,30,6,29
G0600750990100,2020-2024,CA,,,California,06,San Francisco County,075,,,990100,,,,,,,,,,,,,,,,,,,,,,,1400000US06075990100,,,06075990100,"Census Tract 9901, San Francisco County, California",0,0,0,0,0,0,0,0,0,0,"Census Tract 9901, San Francisco County, California",14,14,14,14,14,14,14,14,14,14
G0600750990200,2020-2024,CA,,,California,06,San Francisco County,075,,,990200,,,,,,,,,,,,,,,,,,,,,,,1400000US06075990200,,,06075990200,"Census Tract 9902, San Francisco County, California",0,0,0,0,0,0,0,0,0,0,"Census Tract 9902, San Francisco County, California",14,14,14,14,14,14,14,14,14,14
