GISJOIN,YEAR,STUSAB,REGIONA,DIVISIONA,STATE,STATEA,COUNTY,COUNTYA,COUSUBA,PLACEA,TRACTA,BLKGRPA,CONCITA,AIANHHA,RES_ONLYA,TRUSTA,AIHHTLI,AITSA,ANRCA,CBSAA,CSAA,METDIVA,UAA,CDCURRA,SLDUA,SLDLA,ZCTA5A,SUBMCDA,SDELMA,SDSECA,SDUNIA,PCI,PUMAA,GEO_ID,BTTRA,BTBGA,TL_GEO_ID,NAME_E,AUUEE001,AUUEE002,AUUEE003,NAME_M,AUUEM001,AUUEM002,AUUEM003
G0600750010101,2020-2024,CA,,,California,06,San Francisco County,075,,,010101,,,,,,,,,,,,,,,,,,,,,,,1400000US06075010101,,,06075010101,"Census Tract 101.01, San Francisco County, California",1216,101,1115,"Census Tract 101.01, San Francisco County, California",150,59,160
G0600750010102,2020-2024,CA,,,California,06,San Francisco County,075,,,010102,,,,,,,,,,,,,,,,,,,,,,,1400000US06075010102,,,06075010102,"Census Tract 101.02, San Francisco County, California",930,264,666,"Census Tract 101.02, San Francisco County, California",211,82,212
G0600750010201,2020-2024,CA,,,California,06,San Francisco County,075,,,010201,,,,,,,,,,,,,,,,,,,,,,,1400000US06075010201,,,06075010201,"Census Tract 102.01, San Francisco County, California",1399,406,993,"Census Tract 102.01, San Francisco County, California",179,143,117
G0600750010202,2020-2024,CA,,,California,06,San Francisco County,075,,,010202,,,,,,,,,,,,,,,,,,,,,,,1400000US06075010202,,,06075010202,"Census Tract 102.02, San Francisco County, California",1099,299,800,"Census Tract 102.02, San Francisco County, California",174,105,192
G0600750010300,2020-2024,CA,,,California,06,San Francisco County,075,,,010300,,,,,,,,,,,,,,,,,,,,,,,1400000US06075010300,,,06075010300,"Census Tract 103, San Francisco County, California",2060,440,1620,"Census Tract 103, San Francisco County, California",340,182,358
G0600750010401,2020-2024,CA,,,California,06,San Francisco County,075,,,010401,,,,,,,,,,,,,,,,,,,,,,,1400000US06075010401,,,06075010401,"Census Tract 104.01, San Francisco County, California",953,233,720,"Census Tract 104.01, San Francisco County, California",209,71,209
G0600750010402,2020-2024,CA,,,California,06,San Francisco County,075,,,010402,,,,,,,,,,,,,,,,,,,,,,,1400000US06075010402,,,06075010402,"Census Tract 104.02, San Francisco County, California",1233,391,842,"Census Tract 104.02, San Francisco County, California",131,112,131
G0600750010500,2020-2024,CA,,,California,06,San Francisco County,075,,,010500,,,,,,,,,,,,,,,,,,,,,,,1400000US06075010500,,,06075010500,"Census Tract 105, San Francisco County, California",1848,411,1437,"Census Tract 105, San Francisco County, California",227,139,209
G0600750010600,2020-2024,CA,,,California,06,San Francisco County,075,,,010600,,,,,,,,,,,,,,,,,,,,,,,1400000US06075010600,,,06075010600,"Census Tract 106, San Francisco County, California",1723,161,1562,"Census Tract 106, San Francisco County, California",237,67,237
G0600750010701,2020-2024,CA,,,California,06,San Francisco County,075,,,010701,,,,,,,,,,,,,,,,,,,,,,,1400000US06075010701,,,06075010701,"Census Tract 107.01, San Francisco County, California",1792,110,1682,"Census Tract 107.01, San Francisco County, California",258,75,270
G0600750010702,2020-2024,CA,,,California,06,San Francisco County,075,,,010702,,,,,,,,,,,,,,,,,,,,,,,1400000US06075010702,,,06075010702,"Census Tract 107.02, San Francisco County, California",660,129,531,"Census Tract 107.02, San Francisco County, California",115,77,92
G0600750010800,2020-2024,CA,,,California,06,San Francisco County,075,,,010800,,,,,,,,,,,,,,,,,,,,,,,1400000US06075010800,,,06075010800,"Census Tract 108, San Francisco County, California",2402,520,1882,"Census Tract 108, San Francisco County, California",358,166,339
G0600750010901,2020-2024,CA,,,California,06,San Francisco County,075,,,010901,,,,,,,,,,,,,,,,,,,,,,,1400000US06075010901,,,06075010901,"Census Tract 109.01, San Francisco County, California",1058,152,906,"Census Tract 109.01, San Francisco County, California",117,82,133
G0600750010902,2020-2024,CA,,,California,06,San Francisco County,075,,,010902,,,,,,,,,,,,,,,,,,,,,,,1400000US06075010902,,,06075010902,"Census Tract 109.02, San Francisco County, California",1461,184,1277,"Census Tract 109.02, San Francisco County, California",237,82,262
G0600750011001,2020-2024,CA,,,California,06,San Francisco County,075,,,011001,,,,,,,,,,,,,,,,,,,,,,,1400000US06075011001,,,06075011001,"Census Tract 110.01, San Francisco County, California",1418,241,1177,"Census Tract 110.01, San Francisco County, California",216,110,202
G0600750011002,2020-2024,CA,,,California,06,San Francisco County,075,,,011002,,,,,,,,,,,,,,,,,,,,,,,1400000US06075011002,,,06075011002,"Census Tract 110.02, San Francisco County, California",1204,417,787,"Census Tract 110.02, San Francisco County, California",256,232,156
G0600750011101,2020-2024,CA,,,California,06,San Francisco County,075,,,011101,,,,,,,,,,,,,,,,,,,,,,,1400000US06075011101,,,06075011101,"Census Tract 111.01, San Francisco County, California",1448,159,1289,"Census Tract 111.01, San Francisco County, California",251,96,257
G0600750011102,2020-2024,CA,,,California,06,San Francisco County,075,,,011102,,,,,,,,,,,,,,,,,,,,,,,1400000US06075011102,,,06075011102,"Census Tract 111.02, San Francisco County, California",1321,119,1202,"Census Tract 111.02, San Francisco County, California",264,64,267
G0600750011200,2020-2024,CA,,,California,06,San Francisco County,075,,,011200,,,,,,,,,,,,,,,,,,,,,,,1400000US06075011200,,,06075011200,"Census Tract 112, San Francisco County, California",1660,352,1308,"Census Tract 112, San Francisco County, California",213,113,233
G0600750011300,2020-2024,CA,,,California,06,San Francisco County,075,,,011300,,,,,,,,,,,,,,,,,,,,,,,1400000US06075011300,,,06075011300,"Census Tract 113, San Francisco County, California",1362,99,1263,"Census Tract 113, San Francisco County, California",170,53,171
G0600750011700,2020-2024,CA,,,California,06,San Francisco County,075,,,011700,,,,,,,,,,,,,,,,,,,,,,,1400000US06075011700,,,06075011700,"Census Tract 117, San Francisco County, California",1105,194,911,"Census Tract 117, San Francisco County, California",178,87,187
G0600750011800,2020-2024,CA,,,California,06,San Francisco County,075,,,011800,,,,,,,,,,,,,,,,,,,,,,,1400000US06075011800,,,06075011800,"Census Tract 118, San Francisco County, California",654,9,645,"Census Tract 118, San Francisco County, California",100,14,102
G0600750011901,2020-2024,CA,,,California,06,San Francisco County,075,,,011901,,,,,,,,,,,,,,,,,,,,,,,1400000US06075011901,,,06075011901,"Census Tract 119.01, San Francisco County, California",1219,175,1044,"Census Tract 119.01, San Francisco County, California",144,64,135
G0600750011902,2020-2024,CA,,,California,06,San Francisco County,075,,,011902,,,,,,,,,,,,,,,,,,,,,,,1400000US06075011902,,,06075011902,"Census Tract 119.02, San Francisco County, California",1745,120,1625,"Census Tract 119.02, San Francisco County, California",213,66,218
G0600750012001,2020-2024,CA,,,California,06,San Francisco County,075,,,012001,,,,,,,,,,,,,,,,,,,,,,,1400000US06075012001,,,06075012001,"Census Tract 120.01, San Francisco County, California",1002,47,955,"Census Tract 120.01, San Francisco County, California",187,43,184
G0600750012002,2020-2024,CA,,,California,06,San Francisco County,075,,,012002,,,,,,,,,,,,,,,,,,,,,,,1400000US06075012002,,,06075012002,"Census Tract 120.02, San Francisco County, California",1363,168,1195,"Census Tract 120.02, San Francisco County, California",231,218,143
G0600750012100,2020-2024,CA,,,California,06,San Francisco County,075,,,012100,,,,,,,,,,,,,,,,,,,,,,,1400000US06075012100,,,06075012100,"Census Tract 121, San Francisco County, California",1984,192,1792,"Census Tract 121, San Francisco County, California",305,149,318
G0600750012202,2020-2024,CA,,,California,06,San Francisco County,075,,,012202,,,,,,,,,,,,,,,,,,,,,,,1400000US06075012202,,,06075012202,"Census Tract 122.02, San Francisco County, California",1374,149,1225,"Census Tract 122.02, San Francisco County, California",170,122,159
G0600750012203,2020-2024,CA,,,California,06,San Francisco County,075,,,012203,,,,,,,,,,,,,,,,,,,,,,,1400000US06075012203,,,06075012203,"Census Tract 122.03, San Francisco County, California",1058,0,1058,"Census Tract 122.03, San Francisco County, California",301,14,301
G0600750012204,2020-2024,CA,,,California,06,San Francisco County,075,,,012204,,,,,,,,,,,,,,,,,,,,,,,1400000US06075012204,,,06075012204,"Census Tract 122.04, San Francisco County, California",1519,119,1400,"Census Tract 122.04, San Francisco County, California",314,71,308
G0600750012301,2020-2024,CA,,,California,06,San Francisco County,075,,,012301,,,,,,,,,,,,,,,,,,,,,,,1400000US06075012301,,,06075012301,"Census Tract 123.01, San Francisco County, California",1190,36,1154,"Census Tract 123.01, San Francisco County, California",184,42,186
G0600750012302,2020-2024,CA,,,California,06,San Francisco County,075,,,012302,,,,,,,,,,,,,,,,,,,,,,,1400000US06075012302,,,06075012302,"Census Tract 123.02, San Francisco County, California",1889,0,1889,"Census Tract 123.02, San Francisco County, California",205,14,205
G0600750012403,2020-2024,CA,,,California,06,San Francisco County,075,,,012403,,,,,,,,,,,,,,,,,,,,,,,1400000US06075012403,,,06075012403,"Census Tract 124.03, San Francisco County, California",1222,17,1205,"Census Tract 124.03, San Francisco County, California",273,29,276
G0600750012404,2020-2024,CA,,,California,06,San Francisco County,075,,,012404,,,,,,,,,,,,,,,,,,,,,,,1400000US06075012404,,,06075012404,"Census Tract 124.04, San Francisco County, California",1541,17,1524,"Census Tract 124.04, San Francisco County, California",347,27,351
G0600750012405,2020-2024,CA,,,California,06,San Francisco County,075,,,012405,,,,,,,,,,,,,,,,,,,,,,,1400000US06075012405,,,06075012405,"Census Tract 124.05, San Francisco County, California",2579,37,2542,"Census Tract 124.05, San Francisco County, California",380,31,387
G0600750012406,2020-2024,CA,,,California,06,San Francisco County,075,,,012406,,,,,,,,,,,,,,,,,,,,,,,1400000US06075012406,,,06075012406,"Census Tract 124.06, San Francisco County, California",951,119,832,"Census Tract 124.06, San Francisco County, California",128,51,116
G0600750012502,2020-2024,CA,,,California,06,San Francisco County,075,,,012502,,,,,,,,,,,,,,,,,,,,,,,1400000US06075012502,,,06075012502,"Census Tract 125.02, San Francisco County, California",2250,0,2250,"Census Tract 125.02, San Francisco County, California",323,14,323
G0600750012503,2020-2024,CA,,,California,06,San Francisco County,075,,,012503,,,,,,,,,,,,,,,,,,,,,,,1400000US06075012503,,,06075012503,"Census Tract 125.03, San Francisco County, California",2224,45,2179,"Census Tract 125.03, San Francisco County, California",300,62,310
G0600750012504,2020-2024,CA,,,California,06,San Francisco County,075,,,012504,,,,,,,,,,,,,,,,,,,,,,,1400000US06075012504,,,06075012504,"Census Tract 125.04, San Francisco County, California",342,42,300,"Census Tract 125.04, San Francisco County, California",92,47,84
G0600750012601,2020-2024,CA,,,California,06,San Francisco County,075,,,012601,,,,,,,,,,,,,,,,,,,,,,,1400000US06075012601,,,06075012601,"Census Tract 126.01, San Francisco County, California",1282,286,996,"Census Tract 126.01, San Francisco County, California",166,81,174
G0600750012602,2020-2024,CA,,,California,06,San Francisco County,075,,,012602,,,,,,,,,,,,,,,,,,,,,,,1400000US06075012602,,,06075012602,"Census Tract 126.02, San Francisco County, California",1470,454,1016,"Census Tract 126.02, San Francisco County, California",182,136,166
G0600750012700,2020-2024,CA,,,California,06,San Francisco County,075,,,012700,,,,,,,,,,,,,,,,,,,,,,,1400000US06075012700,,,06075012700,"Census Tract 127, San Francisco County, California",1996,713,1283,"Census Tract 127, San Francisco County, California",293,283,205
G0600750012801,2020-2024,CA,,,California,06,San Francisco County,075,,,012801,,,,,,,,,,,,,,,,,,,,,,,1400000US06075012801,,,06075012801,"Census Tract 128.01, San Francisco County, California",1162,437,725,"Census Tract 128.01, San Francisco County, California",193,95,185
G0600750012802,2020-2024,CA,,,California,06,San Francisco County,075,,,012802,,,,,,,,,,,,,,,,,,,,,,,1400000US06075012802,,,06075012802,"Census Tract 128.02, San Francisco County, California",1001,296,705,"Census Tract 128.02, San Francisco County, California",162,95,186
G0600750012901,2020-2024,CA,,,California,06,San Francisco County,075,,,012901,,,,,,,,,,,,,,,,,,,,,,,1400000US06075012901,,,06075012901,"Census Tract 129.01, San Francisco County, California",1459,306,1153,"Census Tract 129.01, San Francisco County, California",185,97,179
G0600750012902,2020-2024,CA,,,California,06,San Francisco County,075,,,012902,,,,,,,,,,,,,,,,,,,,,,,1400000US06075012902,,,06075012902,"Census Tract 129.02, San Francisco County, California",1734,403,1331,"Census Tract 129.02, San Francisco County, California",235,114,232
G0600750013001,2020-2024,CA,,,California,06,San Francisco County,075,,,013001,,,,,,,,,,,,,,,,,,,,,,,1400000US06075013001,,,06075013001,"Census Tract 130.01, San Francisco County, California",911,289,622,"Census Tract 130.01, San Francisco County, California",127,74,121
G0600750013002,2020-2024,CA,,,California,06,San Francisco County,075,,,013002,,,,,,,,,,,,,,,,,,,,,,,1400000US06075013002,,,06075013002,"Census Tract 130.02, San Francisco County, California",1285,324,961,"Census Tract 130.02, San Francisco County, California",258,154,253
G0600750013101,2020-2024,CA,,,California,06,San Francisco County,075,,,013101,,,,,,,,,,,,,,,,,,,,,,,1400000US06075013101,,,06075013101,"Census Tract 131.01, San Francisco County, California",2233,508,1725,"Census Tract 131.01, San Francisco County, California",298,195,266
G0600750013102,2020-2024,CA,,,California,06,San Francisco County,075,,,013102,,,,,,,,,,,,,,,,,,,,,,,1400000US06075013102,,,06075013102,"Census Tract 131.02, San Francisco County, California",1482,411,1071,"Census Tract 131.02, San Francisco County, California",302,147,282
G0600750013200,2020-2024,CA,,,California,06,San Francisco County,075,,,013200,,,,,,,,,,,,,,,,,,,,,,,1400000US06075013200,,,06075013200,"Census Tract 132, San Francisco County, California",2224,891,1333,"Census Tract 132, San Francisco County, California",319,257,202
G0600750013300,2020-2024,CA,,,California,06,San Francisco County,075,,,013300,,,,,,,,,,,,,,,,,,,,,,,1400000US06075013300,,,06075013300,"Census Tract 133, San Francisco County, California",1958,802,1156,"Census Tract 133, San Francisco County, California",196,150,220
G0600750013401,2020-2024,CA,,,California,06,San Francisco County,075,,,013401,,,,,,,,,,,,,,,,,,,,,,,1400000US06075013401,,,06075013401,"Census Tract 134.01, San Francisco County, California",874,234,640,"Census Tract 134.01, San Francisco County, California",248,70,245
G0600750013402,2020-2024,CA,,,California,06,San Francisco County,075,,,013402,,,,,,,,,,,,,,,,,,,,,,,1400000US06075013402,,,06075013402,"Census Tract 134.02, San Francisco County, California",1201,275,926,"Census Tract 134.02, San Francisco County, California",185,122,169
G0600750013500,2020-2024,CA,,,California,06,San Francisco County,075,,,013500,,,,,,,,,,,,,,,,,,,,,,,1400000US06075013500,,,06075013500,"Census Tract 135, San Francisco County, California",1718,514,1204,"Census Tract 135, San Francisco County, California",208,145,222
G0600750015100,2020-2024,CA,,,California,06,San Francisco County,075,,,015100,,,,,,,,,,,,,,,,,,,,,,,1400000US06075015100,,,06075015100,"Census Tract 151, San Francisco County, California",1566,548,1018,"Census Tract 151, San Francisco County, California",202,144,177
G0600750015201,2020-2024,CA,,,California,06,San Francisco County,075,,,015201,,,,,,,,,,,,,,,,,,,,,,,1400000US06075015201,,,06075015201,"Census Tract 152.01, San Francisco County, California",1063,151,912,"Census Tract 152.01, San Francisco County, California",159,85,138
G0600750015202,2020-2024,CA,,,California,06,San Francisco County,075,,,015202,,,,,,,,,,,,,,,,,,,,,,,1400000US06075015202,,,06075015202,"Census Tract 152.02, San Francisco County, California",1123,523,600,"Census Tract 152.02, San Francisco County, California",155,133,150
G0600750015300,2020-2024,CA,,,California,06,San Francisco County,075,,,015300,,,,,,,,,,,,,,,,,,,,,,,1400000US06075015300,,,06075015300,"Census Tract 153, San Francisco County, California",1062,433,629,"Census Tract 153, San Francisco County, California",148,82,148
G0600750015401,2020-2024,CA,,,California,06,San Francisco County,075,,,015401,,,,,,,,,,,,,,,,,,,,,,,1400000US06075015401,,,06075015401,"Census Tract 154.01, San Francisco County, California",1732,561,1171,"Census Tract 154.01, San Francisco County, California",274,175,234
G0600750015402,2020-2024,CA,,,California,06,San Francisco County,075,,,015402,,,,,,,,,,,,,,,,,,,,,,,1400000US06075015402,,,06075015402,"Census Tract 154.02, San Francisco County, California",1359,325,1034,"Census Tract 154.02, San Francisco County, California",282,104,302
G0600750015500,2020-2024,CA,,,California,06,San Francisco County,075,,,015500,,,,,,,,,,,,,,,,,,,,,,,1400000US06075015500,,,06075015500,"Census Tract 155, San Francisco County, California",2209,192,2017,"Census Tract 155, San Francisco County, California",284,92,293
G0600750015600,2020-2024,CA,,,California,06,San Francisco County,075,,,015600,,,,,,,,,,,,,,,,,,,,,,,1400000US06075015600,,,06075015600,"Census Tract 156, San Francisco County, California",1418,388,1030,"Census Tract 156, San Francisco County, California",207,97,216
G0600750015701,2020-2024,CA,,,California,06,San Francisco County,075,,,015701,,,,,,,,,,,,,,,,,,,,,,,1400000US06075015701,,,06075015701,"Census Tract 157.01, San Francisco County, California",1230,420,810,"Census Tract 157.01, San Francisco County, California",143,139,202
G0600750015702,2020-2024,CA,,,California,06,San Francisco County,075,,,015702,,,,,,,,,,,,,,,,,,,,,,,1400000US06075015702,,,06075015702,"Census Tract 157.02, San Francisco County, California",1386,588,798,"Census Tract 157.02, San Francisco County, California",219,246,124
G0600750015801,2020-2024,CA,,,California,06,San Francisco County,075,,,015801,,,,,,,,,,,,,,,,,,,,,,,1400000US06075015801,,,06075015801,"Census Tract 158.01, San Francisco County, California",1527,443,1084,"Census Tract 158.01, San Francisco County, California",148,105,152
G0600750015802,2020-2024,CA,,,California,06,San Francisco County,075,,,015802,,,,,,,,,,,,,,,,,,,,,,,1400000US06075015802,,,06075015802,"Census Tract 158.02, San Francisco County, California",1570,333,1237,"Census Tract 158.02, San Francisco County, California",184,90,207
G0600750015900,2020-2024,CA,,,California,06,San Francisco County,075,,,015900,,,,,,,,,,,,,,,,,,,,,,,1400000US06075015900,,,06075015900,"Census Tract 159, San Francisco County, California",2081,427,1654,"Census Tract 159, San Francisco County, California",250,154,273
G0600750016000,2020-2024,CA,,,California,06,San Francisco County,075,,,016000,,,,,,,,,,,,,,,,,,,,,,,1400000US06075016000,,,06075016000,"Census Tract 160, San Francisco County, California",1766,444,1322,"Census Tract 160, San Francisco County, California",485,96,478
G0600750016101,2020-2024,CA,,,California,06,San Francisco County,075,,,016101,,,,,,,,,,,,,,,,,,,,,,,1400000US06075016101,,,06075016101,"Census Tract 161.01, San Francisco County, California",1496,205,1291,"Census Tract 161.01, San Francisco County, California",267,111,260
G0600750016102,2020-2024,CA,,,California,06,San Francisco County,075,,,016102,,,,,,,,,,,,,,,,,,,,,,,1400000US06075016102,,,06075016102,"Census Tract 161.02, San Francisco County, California",1192,43,1149,"Census Tract 161.02, San Francisco County, California",264,36,266
G0600750016200,2020-2024,CA,,,California,06,San Francisco County,075,,,016200,,,,,,,,,,,,,,,,,,,,,,,1400000US06075016200,,,06075016200,"Census Tract 162, San Francisco County, California",2010,344,1666,"Census Tract 162, San Francisco County, California",332,220,294
G0600750016300,2020-2024,CA,,,California,06,San Francisco County,075,,,016300,,,,,,,,,,,,,,,,,,,,,,,1400000US06075016300,,,06075016300,"Census Tract 163, San Francisco County, California",1994,344,1650,"Census Tract 163, San Francisco County, California",255,118,272
G0600750016400,2020-2024,CA,,,California,06,San Francisco County,075,,,016400,,,,,,,,,,,,,,,,,,,,,,,1400000US06075016400,,,06075016400,"Census Tract 164, San Francisco County, California",1753,281,1472,"Census Tract 164, San Francisco County, California",214,106,256
G0600750016500,2020-2024,CA,,,California,06,San Francisco County,075,,,016500,,,,,,,,,,,,,,,,,,,,,,,1400000US06075016500,,,06075016500,"Census Tract 165, San Francisco County, California",2259,731,1528,"Census Tract 165, San Francisco County, California",290,192,293
G0600750016601,2020-2024,CA,,,California,06,San Francisco County,075,,,016601,,,,,,,,,,,,,,,,,,,,,,,1400000US06075016601,,,06075016601,"Census Tract 166.01, San Francisco County, California",1469,277,1192,"Census Tract 166.01, San Francisco County, California",220,70,233
G0600750016602,2020-2024,CA,,,California,06,San Francisco County,075,,,016602,,,,,,,,,,,,,,,,,,,,,,,1400000US06075016602,,,06075016602,"Census Tract 166.02, San Francisco County, California",1048,247,801,"Census Tract 166.02, San Francisco County, California",206,95,228
G0600750016700,2020-2024,CA,,,California,06,San Francisco County,075,,,016700,,,,,,,,,,,,,,,,,,,,,,,1400000US06075016700,,,06075016700,"Census Tract 167, San Francisco County, California",2392,767,1625,"Census Tract 167, San Francisco County, California",319,176,340
G0600750016801,2020-2024,CA,,,California,06,San Francisco County,075,,,016801,,,,,,,,,,,,,,,,,,,,,,,1400000US06075016801,,,06075016801,"Census Tract 168.01, San Francisco County, California",2061,364,1697,"Census Tract 168.01, San Francisco County, California",210,121,196
G0600750016802,2020-2024,CA,,,California,06,San Francisco County,075,,,016802,,,,,,,,,,,,,,,,,,,,,,,1400000US06075016802,,,06075016802,"Census Tract 168.02, San Francisco County, California",1924,300,1624,"Census Tract 168.02, San Francisco County, California",239,106,252
G0600750016900,2020-2024,CA,,,California,06,San Francisco County,075,,,016900,,,,,,,,,,,,,,,,,,,,,,,1400000US06075016900,,,06075016900,"Census Tract 169, San Francisco County, California",1507,511,996,"Census Tract 169, San Francisco County, California",176,137,150
G0600750017000,2020-2024,CA,,,California,06,San Francisco County,075,,,017000,,,,,,,,,,,,,,,,,,,,,,,1400000US06075017000,,,06075017000,"Census Tract 170, San Francisco County, California",2201,1120,1081,"Census Tract 170, San Francisco County, California",254,233,206
G0600750017101,2020-2024,CA,,,California,06,San Francisco County,075,,,017101,,,,,,,,,,,,,,,,,,,,,,,1400000US06075017101,,,06075017101,"Census Tract 171.01, San Francisco County, California",1710,552,1158,"Census Tract 171.01, San Francisco County, California",212,93,213
G0600750017102,2020-2024,CA,,,California,06,San Francisco County,075,,,017102,,,,,,,,,,,,,,,,,,,,,,,1400000US06075017102,,,06075017102,"Census Tract 171.02, San Francisco County, California",1509,516,993,"Census Tract 171.02, San Francisco County, California",144,92,139
G0600750017602,2020-2024,CA,,,California,06,San Francisco County,075,,,017602,,,,,,,,,,,,,,,,,,,,,,,1400000US06075017602,,,06075017602,"Census Tract 176.02, San Francisco County, California",1546,161,1385,"Census Tract 176.02, San Francisco County, California",291,85,302
G0600750017603,2020-2024,CA,,,California,06,San Francisco County,075,,,017603,,,,,,,,,,,,,,,,,,,,,,,1400000US06075017603,,,06075017603,"Census Tract 176.03, San Francisco County, California",2517,540,1977,"Census Tract 176.03, San Francisco County, California",311,182,285
G0600750017604,2020-2024,CA,,,California,06,San Francisco County,075,,,017604,,,,,,,,,,,,,,,,,,,,,,,1400000US06075017604,,,06075017604,"Census Tract 176.04, San Francisco County, California",2301,209,2092,"Census Tract 176.04, San Francisco County, California",236,123,268
G0600750017700,2020-2024,CA,,,California,06,San Francisco County,075,,,017700,,,,,,,,,,,,,,,,,,,,,,,1400000US06075017700,,,06075017700,"Census Tract 177, San Francisco County, California",1296,287,1009,"Census Tract 177, San Francisco County, California",143,99,142
G0600750017801,2020-2024,CA,,,California,06,San Francisco County,075,,,017801,,,,,,,,,,,,,,,,,,,,,,,1400000US06075017801,,,06075017801,"Census Tract 178.01, San Francisco County, California",2247,447,1800,"Census Tract 178.01, San Francisco County, California",229,204,190
G0600750017803,2020-2024,CA,,,California,06,San Francisco County,075,,,017803,,,,,,,,,,,,,,,,,,,,,,,1400000US06075017803,,,06075017803,"Census Tract 178.03, San Francisco County, California",1208,254,954,"Census Tract 178.03, San Francisco County, California",240,109,238
G0600750017804,2020-2024,CA,,,California,06,San Francisco County,075,,,017804,,,,,,,,,,,,,,,,,,,,,,,1400000US06075017804,,,06075017804,"Census Tract 178.04, San Francisco County, California",2322,854,1468,"Census Tract 178.04, San Francisco County, California",317,268,305
G0600750017903,2020-2024,CA,,,California,06,San Francisco County,075,,,017903,,,,,,,,,,,,,,,,,,,,,,,1400000US06075017903,,,06075017903,"Census Tract 179.03, San Francisco County, California",616,0,616,"Census Tract 179.03, San Francisco County, California",101,14,101
G0600750018000,2020-2024,CA,,,California,06,San Francisco County,075,,,018000,,,,,,,,,,,,,,,,,,,,,,,1400000US06075018000,,,06075018000,"Census Tract 180, San Francisco County, California",1648,320,1328,"Census Tract 180, San Francisco County, California",276,80,266
G0600750020101,2020-2024,CA,,,California,06,San Francisco County,075,,,020101,,,,,,,,,,,,,,,,,,,,,,,1400000US06075020101,,,06075020101,"Census Tract 201.01, San Francisco County, California",1901,480,1421,"Census Tract 201.01, San Francisco County, California",306,180,293
G0600750020102,2020-2024,CA,,,California,06,San Francisco County,075,,,020102,,,,,,,,,,,,,,,,,,,,,,,1400000US06075020102,,,06075020102,"Census Tract 201.02, San Francisco County, California",1306,221,1085,"Census Tract 201.02, San Francisco County, California",288,88,268
G0600750020201,2020-2024,CA,,,California,06,San Francisco County,075,,,020201,,,,,,,,,,,,,,,,,,,,,,,1400000US06075020201,,,06075020201,"Census Tract 202.01, San Francisco County, California",976,220,756,"Census Tract 202.01, San Francisco County, California",147,88,163
G0600750020202,2020-2024,CA,,,California,06,San Francisco County,075,,,020202,,,,,,,,,,,,,,,,,,,,,,,1400000US06075020202,,,06075020202,"Census Tract 202.02, San Francisco County, California",2195,476,1719,"Census Tract 202.02, San Francisco County, California",313,193,329
G0600750020300,2020-2024,CA,,,California,06,San Francisco County,075,,,020300,,,,,,,,,,,,,,,,,,,,,,,1400000US06075020300,,,06075020300,"Census Tract 203, San Francisco County, California",2232,854,1378,"Census Tract 203, San Francisco County, California",465,399,264
G0600750020401,2020-2024,CA,,,California,06,San Francisco County,075,,,020401,,,,,,,,,,,,,,,,,,,,,,,1400000US06075020401,,,06075020401,"Census Tract 204.01, San Francisco County, California",1678,797,881,"Census Tract 204.01, San Francisco County, California",141,159,125
G0600750020402,2020-2024,CA,,,California,06,San Francisco County,075,,,020402,,,,,,,,,,,,,,,,,,,,,,,1400000US06075020402,,,06075020402,"Census Tract 204.02, San Francisco County, California",2442,816,1626,"Census Tract 204.02, San Francisco County, California",234,240,262
G0600750020500,2020-2024,CA,,,California,06,San Francisco County,075,,,020500,,,,,,,,,,,,,,,,,,,,,,,1400000US06075020500,,,06075020500,"Census Tract 205, San Francisco County, California",1246,583,663,"Census Tract 205, San Francisco County, California",142,116,122
G0600750020601,2020-2024,CA,,,California,06,San Francisco County,075,,,020601,,,,,,,,,,,,,,,,,,,,,,,1400000US06075020601,,,06075020601,"Census Tract 206.01, San Francisco County, California",1435,598,837,"Census Tract 206.01, San Francisco County, California",131,169,139
G0600750020602,2020-2024,CA,,,California,06,San Francisco County,075,,,020602,,,,,,,,,,,,,,,,,,,,,,,1400000US06075020602,,,06075020602,"Census Tract 206.02, San Francisco County, California",1317,633,684,"Census Tract 206.02, San Francisco County, California",218,234,174
G0600750020701,2020-2024,CA,,,California,06,San Francisco County,075,,,020701,,,,,,,,,,,,,,,,,,,,,,,1400000US06075020701,,,06075020701,"Census Tract 207.01, San Francisco County, California",1514,466,1048,"Census Tract 207.01, San Francisco County, California",198,178,165
G0600750020702,2020-2024,CA,,,California,06,San Francisco County,075,,,020702,,,,,,,,,,,,,,,,,,,,,,,1400000US06075020702,,,06075020702,"Census Tract 207.02, San Francisco County, California",1121,245,876,"Census Tract 207.02, San Francisco County, California",127,78,139
G0600750020801,2020-2024,CA,,,California,06,San Francisco County,075,,,020801,,,,,,,,,,,,,,,,,,,,,,,1400000US06075020801,,,06075020801,"Census Tract 208.01, San Francisco County, California",1418,318,1100,"Census Tract 208.01, San Francisco County, California",199,100,214
G0600750020802,2020-2024,CA,,,California,06,San Francisco County,075,,,020802,,,,,,,,,,,,,,,,,,,,,,,1400000US06075020802,,,06075020802,"Census Tract 208.02, San Francisco County, California",1018,149,869,"Census Tract 208.02, San Francisco County, California",182,91,179
G0600750020900,2020-2024,CA,,,California,06,San Francisco County,075,,,020900,,,,,,,,,,,,,,,,,,,,,,,1400000US06075020900,,,06075020900,"Census Tract 209, San Francisco County, California",1607,223,1384,"Census Tract 209, San Francisco County, California",207,84,220
G0600750021000,2020-2024,CA,,,California,06,San Francisco County,075,,,021000,,,,,,,,,,,,,,,,,,,,,,,1400000US06075021000,,,06075021000,"Census Tract 210, San Francisco County, California",1793,736,1057,"Census Tract 210, San Francisco County, California",260,211,187
G0600750021100,2020-2024,CA,,,California,06,San Francisco County,075,,,021100,,,,,,,,,,,,,,,,,,,,,,,1400000US06075021100,,,06075021100,"Census Tract 211, San Francisco County, California",2006,984,1022,"Census Tract 211, San Francisco County, California",206,175,160
G0600750021200,2020-2024,CA,,,California,06,San Francisco County,075,,,021200,,,,,,,,,,,,,,,,,,,,,,,1400000US06075021200,,,06075021200,"Census Tract 212, San Francisco County, California",1420,735,685,"Census Tract 212, San Francisco County, California",214,125,183
G0600750021300,2020-2024,CA,,,California,06,San Francisco County,075,,,021300,,,,,,,,,,,,,,,,,,,,,,,1400000US06075021300,,,06075021300,"Census Tract 213, San Francisco County, California",1134,568,566,"Census Tract 213, San Francisco County, California",240,128,240
G0600750021400,2020-2024,CA,,,California,06,San Francisco County,075,,,021400,,,,,,,,,,,,,,,,,,,,,,,1400000US06075021400,,,06075021400,"Census Tract 214, San Francisco County, California",1714,710,1004,"Census Tract 214, San Francisco County, California",189,139,224
G0600750021500,2020-2024,CA,,,California,06,San Francisco County,075,,,021500,,,,,,,,,,,,,,,,,,,,,,,1400000US06075021500,,,06075021500,"Census Tract 215, San Francisco County, California",2492,897,1595,"Census Tract 215, San Francisco County, California",280,209,316
G0600750021600,2020-2024,CA,,,California,06,San Francisco County,075,,,021600,,,,,,,,,,,,,,,,,,,,,,,1400000US06075021600,,,06075021600,"Census Tract 216, San Francisco County, California",2098,1259,839,"Census Tract 216, San Francisco County, California",246,192,224
G0600750021700,2020-2024,CA,,,California,06,San Francisco County,075,,,021700,,,,,,,,,,,,,,,,,,,,,,,1400000US06075021700,,,06075021700,"Census Tract 217, San Francisco County, California",1802,1239,563,"Census Tract 217, San Francisco County, California",223,190,150
G0600750021800,2020-2024,CA,,,California,06,San Francisco County,075,,,021800,,,,,,,,,,,,,,,,,,,,,,,1400000US06075021800,,,06075021800,"Census Tract 218, San Francisco County, California",1792,1065,727,"Census Tract 218, San Francisco County, California",188,155,187
G0600750022600,2020-2024,CA,,,California,06,San Francisco County,075,,,022600,,,,,,,,,,,,,,,,,,,,,,,1400000US06075022600,,,06075022600,"Census Tract 226, San Francisco County, California",2257,508,1749,"Census Tract 226, San Francisco County, California",197,118,208
G0600750022702,2020-2024,CA,,,California,06,San Francisco County,075,,,022702,,,,,,,,,,,,,,,,,,,,,,,1400000US06075022702,,,06075022702,"Census Tract 227.02, San Francisco County, California",966,396,570,"Census Tract 227.02, San Francisco County, California",144,123,107
G0600750022704,2020-2024,CA,,,California,06,San Francisco County,075,,,022704,,,,,,,,,,,,,,,,,,,,,,,1400000US06075022704,,,06075022704,"Census Tract 227.04, San Francisco County, California",1855,958,897,"Census Tract 227.04, San Francisco County, California",182,176,148
G0600750022801,2020-2024,CA,,,California,06,San Francisco County,075,,,022801,,,,,,,,,,,,,,,,,,,,,,,1400000US06075022801,,,06075022801,"Census Tract 228.01, San Francisco County, California",2017,841,1176,"Census Tract 228.01, San Francisco County, California",172,193,221
G0600750022802,2020-2024,CA,,,California,06,San Francisco County,075,,,022802,,,,,,,,,,,,,,,,,,,,,,,1400000US06075022802,,,06075022802,"Census Tract 228.02, San Francisco County, California",754,386,368,"Census Tract 228.02, San Francisco County, California",175,165,74
G0600750022803,2020-2024,CA,,,California,06,San Francisco County,075,,,022803,,,,,,,,,,,,,,,,,,,,,,,1400000US06075022803,,,06075022803,"Census Tract 228.03, San Francisco County, California",1439,557,882,"Census Tract 228.03, San Francisco County, California",133,129,167
G0600750022901,2020-2024,CA,,,California,06,San Francisco County,075,,,022901,,,,,,,,,,,,,,,,,,,,,,,1400000US06075022901,,,06075022901,"Census Tract 229.01, San Francisco County, California",1479,347,1132,"Census Tract 229.01, San Francisco County, California",148,144,148
G0600750022902,2020-2024,CA,,,California,06,San Francisco County,075,,,022902,,,,,,,,,,,,,,,,,,,,,,,1400000US06075022902,,,06075022902,"Census Tract 229.02, San Francisco County, California",725,317,408,"Census Tract 229.02, San Francisco County, California",76,76,95
G0600750022903,2020-2024,CA,,,California,06,San Francisco County,075,,,022903,,,,,,,,,,,,,,,,,,,,,,,1400000US06075022903,,,06075022903,"Census Tract 229.03, San Francisco County, California",1139,481,658,"Census Tract 229.03, San Francisco County, California",145,118,173
G0600750023001,2020-2024,CA,,,California,06,San Francisco County,075,,,023001,,,,,,,,,,,,,,,,,,,,,,,1400000US06075023001,,,06075023001,"Census Tract 230.01, San Francisco County, California",1271,864,407,"Census Tract 230.01, San Francisco County, California",122,148,150
G0600750023003,2020-2024,CA,,,California,06,San Francisco County,075,,,023003,,,,,,,,,,,,,,,,,,,,,,,1400000US06075023003,,,06075023003,"Census Tract 230.03, San Francisco County, California",1195,976,219,"Census Tract 230.03, San Francisco County, California",119,139,98
G0600750023102,2020-2024,CA,,,California,06,San Francisco County,075,,,023102,,,,,,,,,,,,,,,,,,,,,,,1400000US06075023102,,,06075023102,"Census Tract 231.02, San Francisco County, California",1114,426,688,"Census Tract 231.02, San Francisco County, California",141,118,177
G0600750023103,2020-2024,CA,,,California,06,San Francisco County,075,,,023103,,,,,,,,,,,,,,,,,,,,,,,1400000US06075023103,,,06075023103,"Census Tract 231.03, San Francisco County, California",1550,47,1503,"Census Tract 231.03, San Francisco County, California",166,31,167
G0600750023200,2020-2024,CA,,,California,06,San Francisco County,075,,,023200,,,,,,,,,,,,,,,,,,,,,,,1400000US06075023200,,,06075023200,"Census Tract 232, San Francisco County, California",1143,705,438,"Census Tract 232, San Francisco County, California",192,169,137
G0600750023300,2020-2024,CA,,,California,06,San Francisco County,075,,,023300,,,,,,,,,,,,,,,,,,,,,,,1400000US06075023300,,,06075023300,"Census Tract 233, San Francisco County, California",1270,725,545,"Census Tract 233, San Francisco County, California",182,125,146
G0600750023400,2020-2024,CA,,,California,06,San Francisco County,075,,,023400,,,,,,,,,,,,,,,,,,,,,,,1400000US06075023400,,,06075023400,"Census Tract 234, San Francisco County, California",1136,514,622,"Census Tract 234, San Francisco County, California",188,173,201
G0600750025100,2020-2024,CA,,,California,06,San Francisco County,075,,,025100,,,,,,,,,,,,,,,,,,,,,,,1400000US06075025100,,,06075025100,"Census Tract 251, San Francisco County, California",1319,791,528,"Census Tract 251, San Francisco County, California",202,111,189
G0600750025200,2020-2024,CA,,,California,06,San Francisco County,075,,,025200,,,,,,,,,,,,,,,,,,,,,,,1400000US06075025200,,,06075025200,"Census Tract 252, San Francisco County, California",2477,1804,673,"Census Tract 252, San Francisco County, California",411,357,277
G0600750025300,2020-2024,CA,,,California,06,San Francisco County,075,,,025300,,,,,,,,,,,,,,,,,,,,,,,1400000US06075025300,,,06075025300,"Census Tract 253, San Francisco County, California",1753,889,864,"Census Tract 253, San Francisco County, California",133,107,162
G0600750025401,2020-2024,CA,,,California,06,San Francisco County,075,,,025401,,,,,,,,,,,,,,,,,,,,,,,1400000US06075025401,,,06075025401,"Census Tract 254.01, San Francisco County, California",1329,762,567,"Census Tract 254.01, San Francisco County, California",141,154,126
G0600750025402,2020-2024,CA,,,California,06,San Francisco County,075,,,025402,,,,,,,,,,,,,,,,,,,,,,,1400000US06075025402,,,06075025402,"Census Tract 254.02, San Francisco County, California",1048,764,284,"Census Tract 254.02, San Francisco County, California",177,158,121
G0600750025403,2020-2024,CA,,,California,06,San Francisco County,075,,,025403,,,,,,,,,,,,,,,,,,,,,,,1400000US06075025403,,,06075025403,"Census Tract 254.03, San Francisco County, California",1325,762,563,"Census Tract 254.03, San Francisco County, California",155,122,160
G0600750025501,2020-2024,CA,,,California,06,San Francisco County,075,,,025501,,,,,,,,,,,,,,,,,,,,,,,1400000US06075025501,,,06075025501,"Census Tract 255.01, San Francisco County, California",1028,752,276,"Census Tract 255.01, San Francisco County, California",184,197,119
G0600750025502,2020-2024,CA,,,California,06,San Francisco County,075,,,025502,,,,,,,,,,,,,,,,,,,,,,,1400000US06075025502,,,06075025502,"Census Tract 255.02, San Francisco County, California",1201,818,383,"Census Tract 255.02, San Francisco County, California",123,131,131
G0600750025600,2020-2024,CA,,,California,06,San Francisco County,075,,,025600,,,,,,,,,,,,,,,,,,,,,,,1400000US06075025600,,,06075025600,"Census Tract 256, San Francisco County, California",1610,1110,500,"Census Tract 256, San Francisco County, California",201,106,184
G0600750025701,2020-2024,CA,,,California,06,San Francisco County,075,,,025701,,,,,,,,,,,,,,,,,,,,,,,1400000US06075025701,,,06075025701,"Census Tract 257.01, San Francisco County, California",1553,931,622,"Census Tract 257.01, San Francisco County, California",243,198,256
G0600750025702,2020-2024,CA,,,California,06,San Francisco County,075,,,025702,,,,,,,,,,,,,,,,,,,,,,,1400000US06075025702,,,06075025702,"Census Tract 257.02, San Francisco County, California",1150,777,373,"Census Tract 257.02, San Francisco County, California",139,159,140
G0600750025800,2020-2024,CA,,,California,06,San Francisco County,075,,,025800,,,,,,,,,,,,,,,,,,,,,,,1400000US06075025800,,,06075025800,"Census Tract 258, San Francisco County, California",612,307,305,"Census Tract 258, San Francisco County, California",145,73,142
G0600750025900,2020-2024,CA,,,California,06,San Francisco County,075,,,025900,,,,,,,,,,,,,,,,,,,,,,,1400000US06075025900,,,06075025900,"Census Tract 259, San Francisco County, California",1422,1196,226,"Census Tract 259, San Francisco County, California",157,155,105
G0600750026001,2020-2024,CA,,,California,06,San Francisco County,075,,,026001,,,,,,,,,,,,,,,,,,,,,,,1400000US06075026001,,,06075026001,"Census Tract 260.01, San Francisco County, California",1754,906,848,"Census Tract 260.01, San Francisco County, California",230,217,201
G0600750026002,2020-2024,CA,,,California,06,San Francisco County,075,,,026002,,,,,,,,,,,,,,,,,,,,,,,1400000US06075026002,,,06075026002,"Census Tract 260.02, San Francisco County, California",1069,798,271,"Census Tract 260.02, San Francisco County, California",93,118,93
G0600750026003,2020-2024,CA,,,California,06,San Francisco County,075,,,026003,,,,,,,,,,,,,,,,,,,,,,,1400000US06075026003,,,06075026003,"Census Tract 260.03, San Francisco County, California",1403,936,467,"Census Tract 260.03, San Francisco County, California",151,176,115
G0600750026004,2020-2024,CA,,,California,06,San Francisco County,075,,,026004,,,,,,,,,,,,,,,,,,,,,,,1400000US06075026004,,,06075026004,"Census Tract 260.04, San Francisco County, California",1112,757,355,"Census Tract 260.04, San Francisco County, California",120,153,117
G0600750026100,2020-2024,CA,,,California,06,San Francisco County,075,,,026100,,,,,,,,,,,,,,,,,,,,,,,1400000US06075026100,,,06075026100,"Census Tract 261, San Francisco County, California",2146,1401,745,"Census Tract 261, San Francisco County, California",276,259,166
G0600750026201,2020-2024,CA,,,California,06,San Francisco County,075,,,026201,,,,,,,,,,,,,,,,,,,,,,,1400000US06075026201,,,06075026201,"Census Tract 262.01, San Francisco County, California",996,694,302,"Census Tract 262.01, San Francisco County, California",136,112,135
G0600750026202,2020-2024,CA,,,California,06,San Francisco County,075,,,026202,,,,,,,,,,,,,,,,,,,,,,,1400000US06075026202,,,06075026202,"Census Tract 262.02, San Francisco County, California",1040,717,323,"Census Tract 262.02, San Francisco County, California",162,158,102
G0600750026301,2020-2024,CA,,,California,06,San Francisco County,075,,,026301,,,,,,,,,,,,,,,,,,,,,,,1400000US06075026301,,,06075026301,"Census Tract 263.01, San Francisco County, California",1317,726,591,"Census Tract 263.01, San Francisco County, California",179,192,192
G0600750026302,2020-2024,CA,,,California,06,San Francisco County,075,,,026302,,,,,,,,,,,,,,,,,,,,,,,1400000US06075026302,,,06075026302,"Census Tract 263.02, San Francisco County, California",1526,979,547,"Census Tract 263.02, San Francisco County, California",248,252,172
G0600750026303,2020-2024,CA,,,California,06,San Francisco County,075,,,026303,,,,,,,,,,,,,,,,,,,,,,,1400000US06075026303,,,06075026303,"Census Tract 263.03, San Francisco County, California",1357,1029,328,"Census Tract 263.03, San Francisco County, California",243,237,109
G0600750026401,2020-2024,CA,,,California,06,San Francisco County,075,,,026401,,,,,,,,,,,,,,,,,,,,,,,1400000US06075026401,,,06075026401,"Census Tract 264.01, San Francisco County, California",1018,654,364,"Census Tract 264.01, San Francisco County, California",118,138,105
G0600750026402,2020-2024,CA,,,California,06,San Francisco County,075,,,026402,,,,,,,,,,,,,,,,,,,,,,,1400000US06075026402,,,06075026402,"Census Tract 264.02, San Francisco County, California",1241,918,323,"Census Tract 264.02, San Francisco County, California",230,188,168
G0600750026403,2020-2024,CA,,,California,06,San Francisco County,075,,,026403,,,,,,,,,,,,,,,,,,,,,,,1400000US06075026403,,,06075026403,"Census Tract 264.03, San Francisco County, California",1149,714,435,"Census Tract 264.03, San Francisco County, California",202,215,169
G0600750026404,2020-2024,CA,,,California,06,San Francisco County,075,,,026404,,,,,,,,,,,,,,,,,,,,,,,1400000US06075026404,,,06075026404,"Census Tract 264.04, San Francisco County, California",668,374,294,"Census Tract 264.04, San Francisco County, California",70,82,73
G0600750030101,2020-2024,CA,,,California,06,San Francisco County,075,,,030101,,,,,,,,,,,,,,,,,,,,,,,1400000US06075030101,,,06075030101,"Census Tract 301.01, San Francisco County, California",2115,527,1588,"Census Tract 301.01, San Francisco County, California",234,113,266
G0600750030102,2020-2024,CA,,,California,06,San Francisco County,075,,,030102,,,,,,,,,,,,,,,,,,,,,,,1400000US06075030102,,,06075030102,"Census Tract 301.02, San Francisco County, California",2080,983,1097,"Census Tract 301.02, San Francisco County, California",203,149,206
G0600750030201,2020-2024,CA,,,California,06,San Francisco County,075,,,030201,,,,,,,,,,,,,,,,,,,,,,,1400000US06075030201,,,06075030201,"Census Tract 302.01, San Francisco County, California",1922,528,1394,"Census Tract 302.01, San Francisco County, California",280,120,294
G0600750030202,2020-2024,CA,,,California,06,San Francisco County,075,,,030202,,,,,,,,,,,,,,,,,,,,,,,1400000US06075030202,,,06075030202,"Census Tract 302.02, San Francisco County, California",2041,471,1570,"Census Tract 302.02, San Francisco County, California",292,151,300
G0600750030301,2020-2024,CA,,,California,06,San Francisco County,075,,,030301,,,,,,,,,,,,,,,,,,,,,,,1400000US06075030301,,,06075030301,"Census Tract 303.01, San Francisco County, California",2552,1463,1089,"Census Tract 303.01, San Francisco County, California",273,245,256
G0600750030302,2020-2024,CA,,,California,06,San Francisco County,075,,,030302,,,,,,,,,,,,,,,,,,,,,,,1400000US06075030302,,,06075030302,"Census Tract 303.02, San Francisco County, California",1313,920,393,"Census Tract 303.02, San Francisco County, California",158,121,150
G0600750030400,2020-2024,CA,,,California,06,San Francisco County,075,,,030400,,,,,,,,,,,,,,,,,,,,,,,1400000US06075030400,,,06075030400,"Census Tract 304, San Francisco County, California",2105,1725,380,"Census Tract 304, San Francisco County, California",314,321,149
G0600750030500,2020-2024,CA,,,California,06,San Francisco County,075,,,030500,,,,,,,,,,,,,,,,,,,,,,,1400000US06075030500,,,06075030500,"Census Tract 305, San Francisco County, California",1019,734,285,"Census Tract 305, San Francisco County, California",131,131,113
G0600750030600,2020-2024,CA,,,California,06,San Francisco County,075,,,030600,,,,,,,,,,,,,,,,,,,,,,,1400000US06075030600,,,06075030600,"Census Tract 306, San Francisco County, California",888,783,105,"Census Tract 306, San Francisco County, California",100,103,49
G0600750030700,2020-2024,CA,,,California,06,San Francisco County,075,,,030700,,,,,,,,,,,,,,,,,,,,,,,1400000US06075030700,,,06075030700,"Census Tract 307, San Francisco County, California",2751,2435,316,"Census Tract 307, San Francisco County, California",208,235,157
G0600750030800,2020-2024,CA,,,California,06,San Francisco County,075,,,030800,,,,,,,,,,,,,,,,,,,,,,,1400000US06075030800,,,06075030800,"Census Tract 308, San Francisco County, California",2010,1526,484,"Census Tract 308, San Francisco County, California",244,173,197
G0600750030900,2020-2024,CA,,,California,06,San Francisco County,075,,,030900,,,,,,,,,,,,,,,,,,,,,,,1400000US06075030900,,,06075030900,"Census Tract 309, San Francisco County, California",2274,2117,157,"Census Tract 309, San Francisco County, California",373,356,92
G0600750031000,2020-2024,CA,,,California,06,San Francisco County,075,,,031000,,,,,,,,,,,,,,,,,,,,,,,1400000US06075031000,,,06075031000,"Census Tract 310, San Francisco County, California",1576,1188,388,"Census Tract 310, San Francisco County, California",181,200,97
G0600750031100,2020-2024,CA,,,California,06,San Francisco County,075,,,031100,,,,,,,,,,,,,,,,,,,,,,,1400000US06075031100,,,06075031100,"Census Tract 311, San Francisco County, California",2372,1432,940,"Census Tract 311, San Francisco County, California",250,228,202
G0600750031201,2020-2024,CA,,,California,06,San Francisco County,075,,,031201,,,,,,,,,,,,,,,,,,,,,,,1400000US06075031201,,,06075031201,"Census Tract 312.01, San Francisco County, California",1784,849,935,"Census Tract 312.01, San Francisco County, California",195,190,196
G0600750031202,2020-2024,CA,,,California,06,San Francisco County,075,,,031202,,,,,,,,,,,,,,,,,,,,,,,1400000US06075031202,,,06075031202,"Census Tract 312.02, San Francisco County, California",804,525,279,"Census Tract 312.02, San Francisco County, California",75,73,84
G0600750031301,2020-2024,CA,,,California,06,San Francisco County,075,,,031301,,,,,,,,,,,,,,,,,,,,,,,1400000US06075031301,,,06075031301,"Census Tract 313.01, San Francisco County, California",1522,1220,302,"Census Tract 313.01, San Francisco County, California",425,431,108
G0600750031302,2020-2024,CA,,,California,06,San Francisco County,075,,,031302,,,,,,,,,,,,,,,,,,,,,,,1400000US06075031302,,,06075031302,"Census Tract 313.02, San Francisco County, California",1716,1041,675,"Census Tract 313.02, San Francisco County, California",210,159,235
G0600750031401,2020-2024,CA,,,California,06,San Francisco County,075,,,031401,,,,,,,,,,,,,,,,,,,,,,,1400000US06075031401,,,06075031401,"Census Tract 314.01, San Francisco County, California",628,355,273,"Census Tract 314.01, San Francisco County, California",83,108,82
G0600750031402,2020-2024,CA,,,California,06,San Francisco County,075,,,031402,,,,,,,,,,,,,,,,,,,,,,,1400000US06075031402,,,06075031402,"Census Tract 314.02, San Francisco County, California",1149,997,152,"Census Tract 314.02, San Francisco County, California",172,189,80
G0600750032601,2020-2024,CA,,,California,06,San Francisco County,075,,,032601,,,,,,,,,,,,,,,,,,,,,,,1400000US06075032601,,,06075032601,"Census Tract 326.01, San Francisco County, California",1774,763,1011,"Census Tract 326.01, San Francisco County, California",190,144,165
G0600750032602,2020-2024,CA,,,California,06,San Francisco County,075,,,032602,,,,,,,,,,,,,,,,,,,,,,,1400000US06075032602,,,06075032602,"Census Tract 326.02, San Francisco County, California",1472,768,704,"Census Tract 326.02, San Francisco County, California",139,138,132
G0600750032700,2020-2024,CA,,,California,06,San Francisco County,075,,,032700,,,,,,,,,,,,,,,,,,,,,,,1400000US06075032700,,,06075032700,"Census Tract 327, San Francisco County, California",2503,1497,1006,"Census Tract 327, San Francisco County, California",333,318,281
G0600750032801,2020-2024,CA,,,California,06,San Francisco County,075,,,032801,,,,,,,,,,,,,,,,,,,,,,,1400000US06075032801,,,06075032801,"Census Tract 328.01, San Francisco County, California",1250,749,501,"Census Tract 328.01, San Francisco County, California",162,135,148
G0600750032802,2020-2024,CA,,,California,06,San Francisco County,075,,,032802,,,,,,,,,,,,,,,,,,,,,,,1400000US06075032802,,,06075032802,"Census Tract 328.02, San Francisco County, California",1511,1030,481,"Census Tract 328.02, San Francisco County, California",157,148,133
G0600750032901,2020-2024,CA,,,California,06,San Francisco County,075,,,032901,,,,,,,,,,,,,,,,,,,,,,,1400000US06075032901,,,06075032901,"Census Tract 329.01, San Francisco County, California",1722,1249,473,"Census Tract 329.01, San Francisco County, California",135,169,153
G0600750032902,2020-2024,CA,,,California,06,San Francisco County,075,,,032902,,,,,,,,,,,,,,,,,,,,,,,1400000US06075032902,,,06075032902,"Census Tract 329.02, San Francisco County, California",1310,1113,197,"Census Tract 329.02, San Francisco County, California",182,199,104
G0600750033001,2020-2024,CA,,,California,06,San Francisco County,075,,,033001,,,,,,,,,,,,,,,,,,,,,,,1400000US06075033001,,,06075033001,"Census Tract 330.01, San Francisco County, California",1419,1246,173,"Census Tract 330.01, San Francisco County, California",336,334,82
G0600750033002,2020-2024,CA,,,California,06,San Francisco County,075,,,033002,,,,,,,,,,,,,,,,,,,,,,,1400000US06075033002,,,06075033002,"Census Tract 330.02, San Francisco County, California",1448,896,552,"Census Tract 330.02, San Francisco County, California",168,176,175
G0600750033100,2020-2024,CA,,,California,06,San Francisco County,075,,,033100,,,,,,,,,,,,,,,,,,,,,,,1400000US06075033100,,,06075033100,"Census Tract 331, San Francisco County, California",1383,1226,157,"Census Tract 331, San Francisco County, California",122,136,63
G0600750033201,2020-2024,CA,,,California,06,San Francisco County,075,,,033201,,,,,,,,,,,,,,,,,,,,,,,1400000US06075033201,,,06075033201,"Census Tract 332.01, San Francisco County, California",638,6,632,"Census Tract 332.01, San Francisco County, California",139,10,140
G0600750033203,2020-2024,CA,,,California,06,San Francisco County,075,,,033203,,,,,,,,,,,,,,,,,,,,,,,1400000US06075033203,,,06075033203,"Census Tract 332.03, San Francisco County, California",1424,178,1246,"Census Tract 332.03, San Francisco County, California",263,73,278
G0600750033204,2020-2024,CA,,,California,06,San Francisco County,075,,,033204,,,,,,,,,,,,,,,,,,,,,,,1400000US06075033204,,,06075033204,"Census Tract 332.04, San Francisco County, California",1648,0,1648,"Census Tract 332.04, San Francisco County, California",239,14,239
G0600750035101,2020-2024,CA,,,California,06,San Francisco County,075,,,035101,,,,,,,,,,,,,,,,,,,,,,,1400000US06075035101,,,06075035101,"Census Tract 351.01, San Francisco County, California",1452,661,791,"Census Tract 351.01, San Francisco County, California",260,152,248
G0600750035102,2020-2024,CA,,,California,06,San Francisco County,075,,,035102,,,,,,,,,,,,,,,,,,,,,,,1400000US06075035102,,,06075035102,"Census Tract 351.02, San Francisco County, California",1259,930,329,"Census Tract 351.02, San Francisco County, California",133,133,78
G0600750035201,2020-2024,CA,,,California,06,San Francisco County,075,,,035201,,,,,,,,,,,,,,,,,,,,,,,1400000US06075035201,,,06075035201,"Census Tract 352.01, San Francisco County, California",1915,1309,606,"Census Tract 352.01, San Francisco County, California",138,170,121
G0600750035202,2020-2024,CA,,,California,06,San Francisco County,075,,,035202,,,,,,,,,,,,,,,,,,,,,,,1400000US06075035202,,,06075035202,"Census Tract 352.02, San Francisco County, California",1677,568,1109,"Census Tract 352.02, San Francisco County, California",201,162,206
G0600750035300,2020-2024,CA,,,California,06,San Francisco County,075,,,035300,,,,,,,,,,,,,,,,,,,,,,,1400000US06075035300,,,06075035300,"Census Tract 353, San Francisco County, California",2537,1818,719,"Census Tract 353, San Francisco County, California",279,373,261
G0600750035400,2020-2024,CA,,,California,06,San Francisco County,075,,,035400,,,,,,,,,,,,,,,,,,,,,,,1400000US06075035400,,,06075035400,"Census Tract 354, San Francisco County, California",2477,1878,599,"Census Tract 354, San Francisco County, California",290,344,178
G0600750040100,2020-2024,CA,,,California,06,San Francisco County,075,,,040100,,,,,,,,,,,,,,,,,,,,,,,1400000US06075040100,,,06075040100,"Census Tract 401, San Francisco County, California",1742,709,1033,"Census Tract 401, San Francisco County, California",184,175,180
G0600750040200,2020-2024,CA,,,California,06,San Francisco County,075,,,040200,,,,,,,,,,,,,,,,,,,,,,,1400000US06075040200,,,06075040200,"Census Tract 402, San Francisco County, California",2213,716,1497,"Census Tract 402, San Francisco County, California",320,271,271
G0600750042601,2020-2024,CA,,,California,06,San Francisco County,075,,,042601,,,,,,,,,,,,,,,,,,,,,,,1400000US06075042601,,,06075042601,"Census Tract 426.01, San Francisco County, California",1735,466,1269,"Census Tract 426.01, San Francisco County, California",159,136,161
G0600750042602,2020-2024,CA,,,California,06,San Francisco County,075,,,042602,,,,,,,,,,,,,,,,,,,,,,,1400000US06075042602,,,06075042602,"Census Tract 426.02, San Francisco County, California",1367,495,872,"Census Tract 426.02, San Francisco County, California",125,132,146
G0600750042700,2020-2024,CA,,,California,06,San Francisco County,075,,,042700,,,,,,,,,,,,,,,,,,,,,,,1400000US06075042700,,,06075042700,"Census Tract 427, San Francisco County, California",2707,590,2117,"Census Tract 427, San Francisco County, California",271,205,264
G0600750042800,2020-2024,CA,,,California,06,San Francisco County,075,,,042800,,,,,,,,,,,,,,,,,,,,,,,1400000US06075042800,,,06075042800,"Census Tract 428, San Francisco County, California",959,734,225,"Census Tract 428, San Francisco County, California",102,83,86
G0600750045100,2020-2024,CA,,,California,06,San Francisco County,075,,,045100,,,,,,,,,,,,,,,,,,,,,,,1400000US06075045100,,,06075045100,"Census Tract 451, San Francisco County, California",1904,482,1422,"Census Tract 451, San Francisco County, California",273,116,272
G0600750045201,2020-2024,CA,,,California,06,San Francisco County,075,,,045201,,,,,,,,,,,,,,,,,,,,,,,1400000US06075045201,,,06075045201,"Census Tract 452.01, San Francisco County, California",1324,674,650,"Census Tract 452.01, San Francisco County, California",90,140,114
G0600750045202,2020-2024,CA,,,California,06,San Francisco County,075,,,045202,,,,,,,,,,,,,,,,,,,,,,,1400000US06075045202,,,06075045202,"Census Tract 452.02, San Francisco County, California",1489,425,1064,"Census Tract 452.02, San Francisco County, California",275,94,277
G0600750047600,2020-2024,CA,,,California,06,San Francisco County,075,,,047600,,,,,,,,,,,,,,,,,,,,,,,1400000US06075047600,,,06075047600,"Census Tract 476, San Francisco County, California",2230,1024,1206,"Census Tract 476, San Francisco County, California",265,204,310
G0600750047701,2020-2024,CA,,,California,06,San Francisco County,075,,,047701,,,,,,,,,,,,,,,,,,,,,,,1400000US06075047701,,,06075047701,"Census Tract 477.01, San Francisco County, California",2002,926,1076,"Census Tract 477.01, San Francisco County, California",187,222,159
G0600750047702,2020-2024,CA,,,California,06,San Francisco County,075,,,047702,,,,,,,,,,,,,,,,,,,,,,,1400000US06075047702,,,06075047702,"Census Tract 477.02, San Francisco County, California",1552,608,944,"Census Tract 477.02, San Francisco County, California",219,128,212
G0600750047801,2020-2024,CA,,,California,06,San Francisco County,075,,,047801,,,,,,,,,,,,,,,,,,,,,,,1400000US06075047801,,,06075047801,"Census Tract 478.01, San Francisco County, California",1732,891,841,"Census Tract 478.01, San Francisco County, California",146,170,143
G0600750047802,2020-2024,CA,,,California,06,San Francisco County,075,,,047802,,,,,,,,,,,,,,,,,,,,,,,1400000US06075047802,,,06075047802,"Census Tract 478.02, San Francisco County, California",1418,685,733,"Census Tract 478.02, San Francisco County, California",183,128,173
G0600750047902,2020-2024,CA,,,California,06,San Francisco County,075,,,047902,,,,,,,,,,,,,,,,,,,,,,,1400000US06075047902,,,06075047902,"Census Tract 479.02, San Francisco County, California",1514,774,740,"Census Tract 479.02, San Francisco County, California",193,135,191
G0600750047903,2020-2024,CA,,,California,06,San Francisco County,075,,,047903,,,,,,,,,,,,,,,,,,,,,,,1400000US06075047903,,,06075047903,"Census Tract 479.03, San Francisco County, California",1405,897,508,"Census Tract 479.03, San Francisco County, California",182,136,175
G0600750047904,2020-2024,CA,,,California,06,San Francisco County,075,,,047904,,,,,,,,,,,,,,,,,,,,,,,1400000US06075047904,,,06075047904,"Census Tract 479.04, San Francisco County, California",1380,695,685,"Census Tract 479.04, San Francisco County, California",387,371,196
G0600750060100,2020-2024,CA,,,California,06,San Francisco County,075,,,060100,,,,,,,,,,,,,,,,,,,,,,,1400000US06075060100,,,06075060100,"Census Tract 601, San Francisco County, California",1346,9,1337,"Census Tract 601, San Francisco County, California",155,14,153
G0600750060400,2020-2024,CA,,,California,06,San Francisco County,075,,,060400,,,,,,,,,,,,,,,,,,,,,,,1400000US06075060400,,,06075060400,"Census Tract 604, San Francisco County, California",1124,342,782,"Census Tract 604, San Francisco County, California",120,82,129
G0600750060502,2020-2024,CA,,,California,06,San Francisco County,075,,,060502,,,,,,,,,,,,,,,,,,,,,,,1400000US06075060502,,,06075060502,"Census Tract 605.02, San Francisco County, California",800,236,564,"Census Tract 605.02, San Francisco County, California",131,80,140
G0600750060701,2020-2024,CA,,,California,06,San Francisco County,075,,,060701,,,,,,,,,,,,,,,,,,,,,,,1400000US06075060701,,,06075060701,"Census Tract 607.01, San Francisco County, California",3635,1308,2327,"Census Tract 607.01, San Francisco County, California",304,325,325
G0600750060702,2020-2024,CA,,,California,06,San Francisco County,075,,,060702,,,,,,,,,,,,,,,,,,,,,,,1400000US06075060702,,,06075060702,"Census Tract 607.02, San Francisco County, California",1428,333,1095,"Census Tract 607.02, San Francisco County, California",120,107,135
G0600750060703,2020-2024,CA,,,California,06,San Francisco County,075,,,060703,,,,,,,,,,,,,,,,,,,,,,,1400000US06075060703,,,06075060703,"Census Tract 607.03, San Francisco County, California",2807,1059,1748,"Census Tract 607.03, San Francisco County, California",361,256,330
G0600750061000,2020-2024,CA,,,California,06,San Francisco County,075,,,061000,,,,,,,,,,,,,,,,,,,,,,,1400000US06075061000,,,06075061000,"Census Tract 610, San Francisco County, California",1588,1105,483,"Census Tract 610, San Francisco County, California",185,228,128
G0600750061101,2020-2024,CA,,,California,06,San Francisco County,075,,,061101,,,,,,,,,,,,,,,,,,,,,,,1400000US06075061101,,,06075061101,"Census Tract 611.01, San Francisco County, California",862,65,797,"Census Tract 611.01, San Francisco County, California",187,53,175
G0600750061102,2020-2024,CA,,,California,06,San Francisco County,075,,,061102,,,,,,,,,,,,,,,,,,,,,,,1400000US06075061102,,,06075061102,"Census Tract 611.02, San Francisco County, California",928,162,766,"Census Tract 611.02, San Francisco County, California",110,108,134
G0600750061200,2020-2024,CA,,,California,06,San Francisco County,075,,,061200,,,,,,,,,,,,,,,,,,,,,,,1400000US06075061200,,,06075061200,"Census Tract 612, San Francisco County, California",1197,577,620,"Census Tract 612, San Francisco County, California",127,158,163
G0600750061401,2020-2024,CA,,,California,06,San Francisco County,075,,,061401,,,,,,,,,,,,,,,,,,,,,,,1400000US06075061401,,,06075061401,"Census Tract 614.01, San Francisco County, California",1313,927,386,"Census Tract 614.01, San Francisco County, California",188,186,111
G0600750061402,2020-2024,CA,,,California,06,San Francisco County,075,,,061402,,,,,,,,,,,,,,,,,,,,,,,1400000US06075061402,,,06075061402,"Census Tract 614.02, San Francisco County, California",1228,451,777,"Census Tract 614.02, San Francisco County, California",263,164,213
G0600750061501,2020-2024,CA,,,California,06,San Francisco County,075,,,061501,,,,,,,,,,,,,,,,,,,,,,,1400000US06075061501,,,06075061501,"Census Tract 615.01, San Francisco County, California",1314,783,531,"Census Tract 615.01, San Francisco County, California",401,392,147
G0600750061502,2020-2024,CA,,,California,06,San Francisco County,075,,,061502,,,,,,,,,,,,,,,,,,,,,,,1400000US06075061502,,,06075061502,"Census Tract 615.02, San Francisco County, California",1556,346,1210,"Census Tract 615.02, San Francisco County, California",426,141,408
G0600750061503,2020-2024,CA,,,California,06,San Francisco County,075,,,061503,,,,,,,,,,,,,,,,,,,,,,,1400000US06075061503,,,06075061503,"Census Tract 615.03, San Francisco County, California",2087,244,1843,"Census Tract 615.03, San Francisco County, California",388,140,368
G0600750061504,2020-2024,CA,,,California,06,San Francisco County,075,,,061504,,,,,,,,,,,,,,,,,,,,,,,1400000US06075061504,,,06075061504,"Census Tract 615.04, San Francisco County, California",1233,371,862,"Census Tract 615.04, San Francisco County, California",215,154,178
G0600750061505,2020-2024,CA,,,California,06,San Francisco County,075,,,061505,,,,,,,,,,,,,,,,,,,,,,,1400000US06075061505,,,06075061505,"Census Tract 615.05, San Francisco County, California",506,299,207,"Census Tract 615.05, San Francisco County, California",61,82,75
G0600750061506,2020-2024,CA,,,California,06,San Francisco County,075,,,061506,,,,,,,,,,,,,,,,,,,,,,,1400000US06075061506,,,06075061506,"Census Tract 615.06, San Francisco County, California",2587,1118,1469,"Census Tract 615.06, San Francisco County, California",496,405,397
G0600750061507,2020-2024,CA,,,California,06,San Francisco County,075,,,061507,,,,,,,,,,,,,,,,,,,,,,,1400000US06075061507,,,06075061507,"Census Tract 615.07, San Francisco County, California",789,213,576,"Census Tract 615.07, San Francisco County, California",124,59,132
G0600750061508,2020-2024,CA,,,California,06,San Francisco County,075,,,061508,,,,,,,,,,,,,,,,,,,,,,,1400000US06075061508,,,06075061508,"Census Tract 615.08, San Francisco County, California",1197,356,841,"Census Tract 615.08, San Francisco County, California",168,206,168
G0600750980200,2020-2024,CA,,,California,06,San Francisco County,075,,,980200,,,,,,,,,,,,,,,,,,,,,,,1400000US06075980200,,,06075980200,"Census Tract 9802, San Francisco County, California",0,0,0,"Census Tract 9802, San Francisco County, California",14,14,14
G0600750980300,2020-2024,CA,,,California,06,San Francisco County,075,,,980300,,,,,,,,,,,,,,,,,,,,,,,1400000US06075980300,,,06075980300,"Census Tract 9803, San Francisco County, California",46,0,46,"Census Tract 9803, San Francisco County, California",25,14,25
G0600750980401,2020-2024,CA,,,California,06,San Francisco County,075,,,980401,,,,,,,,,,,,,,,,,,,,,,,1400000US06075980401,,,06075980401,"Census Tract 9804.01, San Francisco County, California",0,0,0,"Census Tract 9804.01, San Francisco County, California",14,14,14
G0600750980501,2020-2024,CA,,,California,06,San Francisco County,075,,,980501,,,,,,,,,,,,,,,,,,,,,,,1400000US06075980501,,,06075980501,"Census Tract 9805.01, San Francisco County, California",115,0,115,"Census Tract 9805.01, San Francisco County, California",48,14,48
G0600750980600,2020-2024,CA,,,California,06,San Francisco County,075,,,980600,,,,,,,,,,,,,,,,,,,,,,,1400000US06075980600,,,06075980600,"Census Tract 9806, San Francisco County, California",577,382,195,"Census Tract 9806, San Francisco County, California",72,76,60
G0600750980900,2020-2024,CA,,,California,06,San Francisco County,075,,,980900,,,,,,,,,,,,,,,,,,,,,,,1400000US06075980900,,,06075980900,"Census Tract 9809, San Francisco County, California",238,23,215,"Census Tract 9809, San Francisco County, California",77,25,73
G0600750990100,2020-2024,CA,,,California,06,San Francisco County,075,,,990100,,,,,,,,,,,,,,,,,,,,,,,1400000US06075990100,,,06075990100,"Census Tract 9901, San Francisco County, California",0,0,0,"Census Tract 9901, San Francisco County, California",14,14,14
G0600750990200,2020-2024,CA,,,California,06,San Francisco County,075,,,990200,,,,,,,,,,,,,,,,,,,,,,,1400000US06075990200,,,06075990200,"Census Tract 9902, San Francisco County, California",0,0,0,"Census Tract 9902, San Francisco County, California",14,14,14
